Education,Kidhome,Recency,MntWines,MntFruits,MntSweetProducts,MntGoldProds,NumWebPurchases,NumStorePurchases,NumWebVisitsMonth,Age,Years_customer,Num_AcceptedCmp,MntFishMeatProdcts
3,0,58,635,88,88,88,8,4,7,65,10,1,718
3,1,38,11,1,1,6,1,2,5,63,8,0,8
3,0,26,426,49,21,42,8,10,4,57,9,0,238
3,1,26,11,4,3,5,7,4,6,38,8,0,30
5,1,94,173,43,27,15,5,6,5,41,8,0,164
4,0,16,520,42,42,14,6,10,6,55,9,0,98
3,0,34,235,65,49,27,7,7,6,51,10,0,214
5,1,32,76,10,1,23,9,4,17,37,9,0,59
5,1,19,14,0,3,2,3,2,8,48,9,1,27
5,1,68,28,0,1,13,1,0,20,67,8,1,7
3,1,11,5,5,2,1,6,2,7,39,9,0,6
1,0,59,6,16,1,16,4,3,8,46,10,0,22
3,0,82,194,61,112,30,3,8,2,63,9,0,705
4,1,53,233,2,5,14,6,5,6,60,9,0,56
3,0,38,3,14,1,5,6,3,20,35,10,0,23
5,0,23,1006,22,68,45,7,12,3,76,10,3,174
3,1,51,53,5,13,4,3,3,8,42,10,0,21
3,0,20,84,5,12,28,4,6,7,66,10,0,188
4,0,91,1012,80,16,176,11,9,5,73,9,1,498
2,1,86,4,17,24,39,2,3,10,37,10,0,49
3,0,41,86,2,38,48,9,5,15,40,10,0,142
3,1,42,1,1,1,1,0,0,1,43,9,0,1726
5,0,63,867,0,0,19,2,9,8,73,10,1,86
5,0,0,384,0,32,5,6,9,4,63,8,0,123
3,0,69,270,3,6,99,7,5,8,71,9,0,66
3,0,89,6,4,12,13,2,3,7,43,9,0,40
3,1,4,173,4,6,41,7,4,7,46,9,0,33
3,1,19,5,1,263,362,32,0,1,36,9,0,6
3,1,26,36,2,21,10,2,4,14,33,9,0,62
5,0,96,684,100,66,0,6,10,2,57,9,1,822
4,0,34,8,4,2,4,3,3,11,33,8,0,12
4,0,56,112,17,22,89,2,3,3,49,9,0,78
3,0,31,110,0,0,3,4,4,5,42,10,1,7
5,0,8,96,12,22,43,4,6,6,70,10,1,129
4,0,4,482,34,68,22,3,9,7,76,9,0,590
4,1,55,40,0,1,3,2,3,7,61,9,0,21
5,0,37,702,17,8,35,5,12,2,52,9,0,151
2,1,76,6,3,7,36,5,2,8,46,9,0,29
3,0,99,55,0,0,4,3,3,7,49,8,0,8
5,0,53,437,8,49,42,7,5,6,79,9,2,366
3,0,3,421,76,178,102,10,5,4,42,9,0,618
4,1,88,13,1,0,7,7,3,14,37,9,0,32
3,0,4,9,0,1,3,0,3,5,55,10,0,9
5,0,80,81,11,2,39,1,4,2,53,9,0,53
4,1,19,3,1,2,12,2,3,5,47,9,0,13
3,0,72,123,164,30,174,4,9,11,46,8,0,493
2,0,24,3,18,22,50,3,3,9,26,10,1,29
3,1,92,13,6,5,13,4,2,10,44,9,0,18
3,2,96,48,5,10,7,2,4,6,66,8,0,54
5,1,39,826,50,38,38,5,12,8,68,10,0,367
3,0,29,245,19,67,14,4,10,2,60,8,0,162
4,0,2,650,37,167,32,6,13,3,58,10,0,807
3,1,54,12,6,1,3,2,3,7,45,9,0,50
3,0,54,510,120,40,241,4,7,1,45,8,3,706
3,1,57,328,9,24,109,4,10,3,44,9,0,136
4,0,55,984,51,120,190,3,13,1,67,10,2,612
3,0,30,295,35,120,40,5,10,3,56,9,1,603
3,1,31,13,0,1,5,1,4,3,34,8,0,10
3,1,57,11,3,2,6,7,3,19,40,9,0,24
5,0,63,447,0,0,43,8,6,7,54,8,0,28
4,0,12,712,26,13,80,8,11,14,40,9,3,607
3,1,18,452,18,18,6,4,12,3,47,10,0,118
3,0,26,523,7,14,169,8,10,7,70,9,0,171
5,0,8,546,0,6,6,7,8,5,71,9,0,48
3,0,29,398,40,122,30,7,4,4,74,9,0,486
3,1,75,1,3,6,15,1,2,7,41,9,1,9
3,1,0,10,0,0,0,1,2,7,55,8,0,1
2,0,19,688,14,24,38,11,10,5,43,8,3,510
3,0,4,247,49,82,109,5,10,4,64,9,0,166
3,1,90,856,59,29,73,4,5,5,52,9,0,545
4,0,1,496,36,60,12,4,6,3,68,10,0,649
2,1,25,25,3,4,17,5,3,8,49,10,0,60
3,0,29,258,107,37,86,10,13,7,63,9,0,375
5,1,88,565,6,6,19,11,8,14,47,9,1,65
3,0,58,14,10,15,9,2,4,2,65,8,0,17
3,1,68,2,1,1,1,1,2,6,45,10,0,8
4,0,34,721,111,18,18,9,5,5,50,10,1,1022
3,0,40,1032,105,105,51,7,9,9,46,10,2,916
2,0,12,1,0,3,9,2,3,3,46,9,0,5
3,0,9,577,0,0,51,10,8,8,57,9,2,64
3,1,87,64,4,5,17,3,4,8,37,10,0,75
3,1,5,4,1,0,4,1,2,7,43,9,0,7
2,1,87,25,5,0,23,5,3,7,49,9,0,26
4,0,56,112,17,22,89,2,3,3,49,9,0,78
3,0,18,163,23,65,76,3,13,16,35,8,0,451
3,1,95,17,8,4,3,1,4,7,52,9,0,24
4,1,48,130,0,0,5,5,4,7,42,9,1,16
3,0,3,292,6,3,34,6,6,7,60,8,3,37
3,0,70,350,60,133,145,5,7,11,49,8,1,678
3,0,79,135,9,0,7,2,5,2,55,8,0,43
5,2,4,230,42,37,53,7,8,9,55,10,0,241
3,1,45,7,0,0,1,1,2,7,60,8,0,10
4,0,87,445,37,28,18,2,8,10,49,9,0,457
4,1,69,15,2,1,4,1,3,7,50,8,0,10
5,1,84,27,2,0,0,5,3,5,52,8,0,14
3,1,30,5,3,5,9,2,3,17,39,8,0,23
3,0,72,505,0,0,75,7,6,6,62,10,1,26
3,1,37,51,2,1,2,2,3,7,50,9,0,7
2,0,44,207,26,0,223,5,12,2,71,9,1,522
5,0,32,135,46,61,11,10,7,15,39,9,0,157
2,0,0,53,1,1,10,2,3,8,52,9,0,7
5,0,43,41,1,0,5,2,3,6,58,8,0,8
3,0,59,386,172,132,111,9,11,5,43,9,0,368
5,0,68,562,81,40,81,6,6,4,77,9,0,356
3,0,35,217,76,26,38,3,5,1,58,8,1,740
1,1,94,1,3,0,9,3,3,5,43,9,0,16
3,1,15,144,1,1,7,4,4,7,48,9,0,34
3,0,56,295,106,98,65,6,12,6,53,9,0,346
3,1,17,76,3,4,27,5,3,7,44,10,0,35
4,0,18,454,194,22,43,5,4,2,62,10,0,137
3,0,46,425,115,35,79,6,11,3,43,9,0,315
5,0,40,1332,17,51,86,7,5,12,31,10,2,334
4,0,27,527,0,0,60,8,8,6,54,8,1,21
3,0,95,490,44,20,22,11,11,3,31,9,3,154
5,1,19,378,0,0,72,6,6,9,42,10,0,101
3,1,27,64,1,1,27,2,3,6,50,9,0,21
3,0,25,547,99,82,33,4,5,12,52,8,2,963
2,1,74,47,90,103,120,9,5,9,44,9,0,217
2,1,85,12,5,9,30,1,3,5,45,9,0,25
3,1,37,1,6,5,3,2,3,6,43,9,0,18
4,0,65,320,48,72,48,6,10,4,69,9,0,172
4,1,13,34,3,4,10,2,3,5,55,8,1,29
4,2,63,9,0,4,7,1,3,17,37,9,0,10
3,1,83,17,0,3,2,1,3,7,46,9,0,21
3,0,69,722,27,72,168,11,13,2,39,9,4,146
2,0,87,162,33,28,172,3,7,1,57,9,0,164
3,0,37,450,133,0,216,8,6,14,38,9,1,1124
4,1,51,70,0,0,4,2,4,6,64,8,0,16
5,0,23,352,0,0,15,6,7,6,61,9,0,37
5,1,72,492,19,12,12,6,10,4,61,8,0,126
3,0,10,120,58,89,58,5,5,5,70,9,0,138
3,0,10,236,106,41,130,9,9,4,53,8,0,212
3,0,96,231,65,71,124,6,7,4,59,9,0,234
5,1,51,220,0,0,23,5,5,8,48,9,0,36
5,0,21,796,14,44,0,4,13,3,55,9,1,628
1,1,31,0,1,6,9,1,3,8,46,10,0,13
5,2,61,53,1,0,16,2,2,8,53,9,0,36
5,1,74,17,1,1,4,2,3,7,47,9,0,15
4,0,46,962,61,61,20,10,12,17,30,10,0,973
4,0,4,738,0,20,50,3,7,7,46,9,1,245
3,0,73,399,28,40,126,5,10,2,60,9,0,792
5,0,47,614,16,33,33,10,9,6,48,9,0,175
3,1,13,32,34,16,116,9,3,14,34,9,0,114
3,0,36,598,16,41,49,3,6,8,46,10,0,173
3,1,47,2,1,11,16,2,3,8,47,10,1,38
3,1,49,6,1,1,4,3,2,8,41,9,0,10
2,2,94,73,3,1,32,6,4,8,49,10,0,102
4,0,65,42,16,20,8,2,4,3,51,8,0,41
4,0,59,295,21,13,13,4,7,3,64,8,0,117
3,0,96,346,17,13,13,8,6,6,53,8,1,71
2,0,28,233,20,20,91,9,5,11,50,10,0,65
5,0,57,888,0,0,76,8,11,5,70,10,0,57
3,0,10,997,26,13,42,10,6,4,73,9,3,303
3,0,4,212,6,12,3,6,5,7,54,9,0,73
3,1,49,8,1,0,0,0,3,4,44,9,0,9
3,0,3,42,11,28,14,3,6,14,45,9,0,67
3,0,64,536,11,91,57,3,10,1,67,9,0,536
4,2,0,5,0,0,5,1,2,7,54,9,0,3
5,0,20,1349,16,16,33,10,9,6,77,10,0,292
3,1,91,53,3,4,5,8,4,8,38,8,0,56
5,0,9,1001,12,12,12,5,10,11,47,9,0,256
5,0,98,20,2,2,1,0,0,0,49,8,0,1583
3,2,83,18,1,3,28,2,4,6,46,9,0,38
3,0,27,125,16,21,27,6,4,3,69,9,1,232
3,0,63,212,5,0,2,3,6,4,63,9,1,40
3,0,46,277,162,76,124,3,7,10,34,9,0,478
3,1,84,15,10,17,20,2,3,5,60,8,0,27
3,1,58,7,3,1,7,1,3,7,52,8,0,18
3,1,78,12,4,8,16,7,3,8,40,9,0,17
3,2,4,85,7,3,27,3,3,6,52,8,0,26
5,1,17,81,0,0,6,2,3,5,58,8,0,6
3,0,77,59,0,0,48,2,2,4,55,8,1,12
5,0,56,1149,71,71,26,13,8,15,47,10,0,518
5,0,79,847,66,89,111,9,5,4,74,10,3,205
5,1,90,29,0,0,2,4,3,15,52,8,0,14
3,2,96,2,0,0,1,0,3,2,58,8,0,7
2,0,44,207,26,0,223,5,12,2,71,9,1,522
5,0,81,152,3,5,7,4,4,8,46,8,0,24
2,1,77,12,11,12,9,2,3,20,34,8,0,13
4,0,21,620,26,17,141,6,13,2,76,9,0,229
4,1,16,47,1,0,12,1,3,6,38,8,0,6
1,0,80,1,9,14,10,2,3,6,56,8,0,9
3,1,45,10,1,4,7,6,2,15,39,10,0,28
5,0,63,35,0,0,2,3,4,5,52,8,0,2
3,0,34,356,0,9,117,7,8,5,56,9,0,126
3,0,14,783,30,76,15,6,9,2,46,9,0,677
5,1,13,42,1,0,4,2,3,7,48,9,0,21
1,1,52,1,4,0,36,1,2,6,44,10,1,39
5,0,98,466,22,113,102,13,12,3,33,9,0,579
3,1,93,23,3,19,22,8,3,16,34,9,0,24
3,1,38,235,6,9,12,7,6,9,49,9,0,53
3,1,24,10,0,1,7,1,2,10,45,9,0,13
4,0,80,656,16,16,8,7,12,3,42,8,0,138
3,0,82,519,17,173,51,4,6,2,68,9,1,840
3,0,20,344,189,33,172,5,5,2,68,9,0,532
5,1,81,96,1,1,79,5,3,10,49,8,2,86
3,0,50,448,4,4,39,8,7,5,65,8,1,40
3,0,60,265,138,23,92,4,9,1,54,9,0,777
3,0,63,587,43,87,54,11,9,6,44,9,0,379
5,0,54,763,29,176,58,7,10,14,45,10,4,214
5,1,72,22,0,0,3,1,3,7,47,9,0,13
4,0,5,6,4,2,15,0,2,11,38,10,2,8
3,1,88,7,6,6,14,1,3,9,34,9,1,20
4,1,50,81,18,13,21,4,5,6,49,9,0,160
3,0,99,54,0,0,4,2,3,6,51,8,0,7
3,0,17,1170,48,32,192,11,9,8,68,10,2,362
3,0,11,72,24,4,8,3,6,4,56,9,0,133
3,0,18,613,22,102,12,4,9,1,68,8,0,352
5,1,70,224,0,0,10,7,5,8,44,10,0,30
4,1,21,410,0,9,44,7,8,7,48,9,0,78
3,0,66,239,10,87,54,3,9,12,37,9,0,808
3,1,79,171,7,19,89,8,5,12,45,8,0,196
2,2,2,12,0,0,1,3,2,13,44,8,0,4
4,0,81,1076,16,48,16,8,6,3,74,9,2,459
4,0,24,182,4,0,66,4,5,7,58,9,0,33
3,1,48,824,32,32,43,13,11,6,42,10,0,204
2,1,93,30,11,1,18,1,4,12,34,8,0,54
3,0,56,377,10,30,10,3,7,1,53,9,0,620
5,0,3,520,7,0,14,6,11,3,52,8,0,173
5,1,44,155,1,1,3,6,4,8,42,9,0,25
3,0,38,897,23,11,92,9,12,6,60,10,0,222
3,1,46,131,0,1,39,5,4,7,44,9,0,18
3,0,84,297,7,11,182,8,4,13,46,10,0,79
3,0,27,787,20,0,92,2,11,8,70,10,0,204
5,0,72,792,86,51,17,5,8,2,50,10,0,807
5,1,66,4,1,0,0,6,2,8,36,8,0,12
3,1,30,231,7,15,39,5,8,7,46,9,1,141
2,0,2,983,76,138,27,6,4,7,60,9,1,364
3,1,65,3,1,3,3,1,2,8,41,9,0,12
3,0,37,0,4,0,4,1,3,3,66,8,0,11
5,0,89,562,21,10,32,7,11,5,57,9,0,492
2,1,49,5,9,8,21,2,4,9,47,9,0,26
4,1,46,18,0,0,1,6,3,7,40,9,0,4
5,0,32,415,5,35,11,5,11,3,64,9,0,139
3,1,54,5,3,7,20,5,3,15,49,9,0,22
3,0,98,901,61,163,20,6,10,12,54,9,1,943
3,0,97,382,114,124,38,6,4,3,64,10,0,351
3,1,75,14,1,1,1,4,2,9,41,9,0,9
3,0,8,559,153,13,181,3,9,17,32,9,2,721
3,0,37,789,0,28,152,11,8,7,64,10,0,133
5,1,31,11,0,0,1,1,3,6,53,8,0,5
3,1,40,1218,16,0,80,7,6,10,50,9,4,376
3,0,74,925,64,12,77,9,6,5,69,9,0,312
5,0,90,864,134,38,172,9,5,14,34,10,0,918
4,0,57,960,28,70,70,9,6,10,53,10,0,403
4,1,59,16,3,1,13,2,3,8,47,9,0,31
3,1,52,3,3,2,11,6,3,13,37,9,0,7
3,0,5,168,148,172,148,6,13,9,48,9,5,476
2,0,92,45,47,20,25,3,5,6,54,10,0,73
3,1,77,650,28,42,30,4,11,8,55,10,0,398
5,1,35,24,0,0,1,1,3,6,48,10,0,8
5,0,48,918,21,10,21,8,5,6,61,10,1,131
3,0,97,138,33,24,12,3,7,3,58,10,0,115
3,1,95,12,4,6,10,2,4,5,48,9,0,12
5,2,24,11,0,0,2,1,2,8,55,9,0,4
3,1,60,1,2,3,13,1,2,7,43,10,2,12
5,0,46,554,41,0,24,12,10,5,54,9,0,226
4,1,85,167,2,13,7,4,6,5,52,8,0,86
5,1,31,9,0,1,5,1,2,9,44,10,0,10
4,1,9,177,2,2,20,5,4,8,60,9,1,74
4,1,30,38,4,2,20,3,3,7,46,9,0,26
3,0,47,483,84,84,241,3,8,1,59,8,1,603
5,1,70,77,2,1,69,3,2,7,42,10,2,35
3,0,13,182,74,149,116,3,6,1,52,9,0,460
3,1,11,10,7,2,21,2,2,13,42,9,0,27
3,0,31,778,44,73,146,3,5,7,69,10,1,594
4,1,15,16,7,8,6,8,4,18,39,8,0,23
5,0,2,167,0,2,13,4,4,5,47,8,0,49
3,1,55,13,2,7,4,2,4,6,57,8,0,22
3,1,38,33,6,7,10,2,4,7,49,9,0,43
5,0,86,625,7,22,7,6,12,4,59,9,0,109
3,0,56,216,162,92,162,7,10,5,66,9,1,325
4,0,29,68,129,22,15,3,5,12,41,8,0,584
5,0,30,196,0,130,54,8,8,1,36,9,2,545
4,0,64,635,15,7,131,11,9,6,54,9,0,120
1,1,46,4,19,25,17,3,4,10,41,9,0,37
3,0,84,297,7,11,182,8,4,8,46,10,0,79
3,0,20,84,5,12,28,4,6,7,66,10,0,188
5,0,74,204,7,15,66,7,8,2,48,8,0,169
4,1,18,26,0,0,3,4,3,5,47,8,0,8
3,1,75,15,6,5,20,3,2,7,48,9,0,24
3,0,17,304,98,74,74,6,13,3,70,9,0,380
4,1,88,285,28,114,135,6,12,5,66,9,0,297
3,0,19,395,183,141,28,5,5,3,56,8,0,731
4,0,62,248,3,3,51,7,5,8,73,9,0,85
2,0,11,20,6,9,12,1,3,7,38,9,1,5
3,1,74,39,0,8,14,3,3,12,43,9,0,76
3,0,32,777,129,21,203,2,9,4,42,10,1,789
3,2,76,8,3,1,13,3,3,9,51,8,0,43
3,1,6,9,1,4,8,0,3,6,47,9,0,3
4,0,62,1241,0,13,40,3,11,8,70,10,2,80
2,1,20,6,4,3,8,1,3,10,34,9,0,11
4,1,43,65,4,4,11,8,3,17,36,9,0,16
3,0,45,395,15,54,38,7,6,1,40,9,0,323
5,0,34,801,0,0,35,8,12,5,57,8,1,80
3,1,53,36,0,2,10,3,3,5,59,8,0,14
2,0,44,513,14,0,28,9,9,6,66,9,0,173
5,1,89,37,0,3,0,4,3,11,44,8,0,50
3,1,43,80,15,13,52,10,4,8,34,8,0,113
3,1,68,14,1,3,25,8,3,11,38,9,0,23
4,0,44,525,147,147,63,6,9,2,61,9,1,331
3,0,64,1,26,23,15,3,3,9,46,10,1,42
3,0,85,675,11,45,11,2,10,1,75,8,1,415
4,0,93,509,0,0,10,8,6,7,58,9,1,27
4,0,12,154,2,4,15,4,4,4,30,9,0,66
3,1,86,3,5,12,17,3,3,6,46,8,0,16
3,2,28,25,0,0,2,2,3,7,45,9,0,10
3,0,69,861,138,30,61,11,12,3,33,9,2,521
4,0,42,768,44,44,14,6,10,3,46,9,0,638
3,1,13,185,0,2,17,3,6,4,46,9,0,31
4,1,86,24,0,0,1,2,3,5,61,8,0,7
3,1,59,44,4,0,27,3,3,8,50,9,0,27
3,1,30,91,64,3,50,9,6,19,37,10,0,193
3,1,33,11,0,1,6,1,3,5,61,9,0,10
3,1,67,738,20,50,20,2,10,7,52,9,2,224
3,0,23,412,5,29,77,3,12,2,51,9,0,157
3,1,81,3,3,2,9,3,2,7,48,9,0,13
5,1,6,16,0,0,1,1,2,7,52,8,0,3
5,0,41,731,60,12,73,10,5,7,61,9,0,431
3,0,78,424,17,23,41,8,8,8,69,9,0,125
3,0,49,792,0,45,126,4,5,3,65,9,0,320
5,1,39,21,2,2,9,4,4,11,46,9,0,31
3,1,3,22,1,1,2,1,3,18,38,9,0,11
5,2,37,33,0,0,0,1,3,4,62,9,0,5
5,1,22,68,7,5,11,3,4,20,36,9,0,69
3,1,79,9,1,0,4,1,2,8,39,9,0,9
5,0,46,40,2,0,6,1,3,4,33,9,0,23
5,0,82,909,11,0,23,9,5,5,66,9,1,218
4,1,10,23,1,2,18,1,2,7,41,9,2,15
3,1,51,11,2,0,8,2,3,15,39,9,0,12
3,0,38,317,46,46,139,4,12,3,62,10,0,398
3,0,10,797,153,97,30,11,6,4,54,10,4,365
3,1,14,10,2,2,21,1,3,11,50,10,0,27
3,0,18,856,61,25,122,7,8,3,57,9,2,610
3,0,95,456,19,118,38,9,11,13,34,10,0,907
3,0,11,37,32,3,18,7,4,15,36,9,0,49
5,0,65,1103,0,0,34,4,11,8,53,10,2,45
5,0,71,378,14,14,14,3,8,3,72,9,0,87
1,1,13,1,6,1,3,1,2,13,49,9,2,7
3,0,58,204,34,153,173,2,4,1,70,9,0,376
3,1,65,30,0,0,3,1,3,6,47,9,0,9
3,0,0,189,104,189,218,6,6,9,52,8,1,490
3,1,33,15,0,3,7,2,3,9,41,10,0,19
4,1,90,9,0,0,4,3,2,6,46,8,1,3
3,0,95,495,33,33,8,6,9,4,65,9,0,266
3,1,93,656,80,107,93,13,8,15,36,9,2,507
5,0,38,452,20,30,0,4,5,3,56,9,1,527
3,0,18,546,91,0,22,3,10,7,48,10,0,529
5,0,57,1048,0,0,12,11,5,6,46,10,0,217
3,1,45,22,2,1,10,2,3,7,44,9,0,14
3,0,61,78,0,0,10,2,4,6,57,9,1,11
5,0,6,561,64,128,48,5,8,11,53,10,0,869
4,0,65,629,17,0,8,5,5,2,79,9,0,246
5,0,52,269,15,19,38,4,4,5,74,9,0,84
3,0,87,736,163,163,61,4,10,2,65,10,1,1030
5,0,38,512,0,0,41,6,10,9,53,8,0,83
3,2,53,19,3,8,6,2,4,13,44,8,0,21
5,1,31,9,0,1,5,3,2,9,44,10,0,10
3,1,67,247,8,8,65,6,6,7,45,10,0,166
3,0,65,404,0,27,142,8,9,4,53,10,0,120
3,0,64,333,0,42,29,4,11,2,62,9,0,944
3,1,82,2,3,11,9,4,3,7,46,9,0,26
3,0,27,833,33,133,233,4,8,3,60,10,0,700
5,0,63,789,0,9,38,4,8,8,47,10,0,154
2,1,66,10,4,6,3,6,3,17,38,8,0,7
3,1,69,159,4,2,38,5,4,8,47,10,0,51
4,1,52,7,1,1,11,1,2,13,42,9,1,9
3,0,45,977,12,12,101,4,12,8,56,10,1,269
5,1,2,38,4,3,3,5,3,14,50,9,1,25
4,1,86,57,0,0,36,3,2,10,47,10,0,27
3,0,23,3,9,2,39,3,2,9,42,9,2,28
3,1,13,10,4,4,1,1,3,8,33,10,0,18
5,0,14,1043,24,24,157,3,10,6,61,9,0,129
3,1,92,3,9,12,12,3,3,7,43,9,0,15
5,2,38,11,0,0,1,3,2,8,43,9,0,5
3,1,74,3,6,2,6,0,3,18,37,9,0,5
3,0,14,43,12,40,55,4,6,7,58,10,0,174
2,2,94,73,3,1,32,4,4,8,49,10,0,102
4,1,33,12,0,0,6,0,2,14,41,8,0,1
3,1,32,4,7,4,13,1,2,10,41,9,0,13
4,0,11,314,11,3,107,7,4,15,54,9,2,57
3,0,78,571,50,50,159,4,13,2,62,10,0,175
3,0,56,70,0,8,23,2,3,6,63,10,0,13
5,1,57,866,21,21,86,4,12,14,54,9,0,179
3,0,7,594,134,134,57,7,8,1,43,8,1,819
4,1,0,140,4,13,4,5,6,4,43,9,0,61
3,0,66,375,152,91,81,5,6,15,29,8,0,428
5,0,86,102,9,9,24,4,4,6,66,9,0,65
4,0,80,554,35,7,78,5,12,3,54,8,0,113
5,0,56,919,0,30,45,4,10,13,31,9,0,604
3,1,18,96,1,3,32,5,4,8,41,10,0,54
3,1,51,5,2,2,19,1,2,8,38,10,1,19
3,1,71,2,0,6,5,6,3,13,35,10,0,14
2,1,71,6,4,36,35,2,3,7,42,10,1,15
2,1,80,23,1,8,7,2,3,6,56,9,0,25
3,0,2,610,105,42,21,9,9,5,57,10,0,262
3,1,83,67,5,8,19,2,5,5,48,9,0,64
3,0,29,65,36,20,110,5,4,7,52,9,0,112
5,1,11,416,0,0,4,6,6,7,57,9,2,26
3,1,55,23,0,2,2,1,3,6,52,8,0,14
5,1,19,19,3,9,3,4,4,8,50,10,1,36
5,1,1,155,7,7,10,5,5,6,51,8,0,93
5,1,19,14,0,3,2,5,2,10,48,9,0,27
3,0,28,370,9,9,4,7,8,7,59,10,0,98
2,1,76,4,22,7,32,8,3,8,40,10,1,14
3,0,50,407,53,150,26,4,6,4,46,10,0,279
5,0,1,1200,0,29,14,11,12,6,67,9,1,242
3,1,90,85,44,78,6,10,7,10,35,10,0,156
3,0,83,583,34,22,125,5,8,3,60,9,0,309
5,0,73,483,0,0,12,3,10,1,79,8,0,747
2,1,24,2,5,6,28,2,3,10,47,9,1,37
3,0,11,966,26,26,26,7,11,5,28,8,4,334
3,0,33,822,114,137,114,7,9,11,41,9,3,287
4,1,4,604,0,0,28,12,8,13,41,9,0,119
5,1,14,19,3,1,3,2,3,7,49,8,0,22
3,1,30,5,3,5,9,7,3,11,39,8,0,23
4,1,75,2,2,1,1,6,2,14,40,8,0,4
4,0,26,1076,68,91,68,5,8,1,48,9,3,132
5,0,77,1285,42,0,21,7,5,2,81,9,1,771
3,1,8,10,0,0,1,1,2,8,59,9,0,9
3,0,42,551,137,103,33,6,13,1,36,8,3,971
3,1,28,800,0,34,57,2,10,12,33,8,2,297
2,1,52,2,2,6,12,6,4,5,33,8,0,21
3,0,1,378,0,172,172,7,12,7,54,9,0,286
5,0,1,1248,16,16,16,2,9,4,61,9,5,392
3,1,42,235,0,4,191,13,7,16,33,10,0,254
2,1,76,515,47,95,95,9,9,7,55,9,0,330
3,0,27,438,66,38,114,8,13,4,58,9,0,412
3,1,28,25,0,3,5,1,4,14,52,8,0,24
4,0,49,31,0,0,6,1,3,5,56,9,0,9
3,0,12,357,35,28,14,6,12,5,56,9,0,299
4,0,14,400,4,0,22,9,5,8,73,9,0,41
5,1,89,99,0,1,5,2,4,11,41,9,0,17
2,1,96,1,11,6,9,2,3,8,36,9,0,9
3,1,56,5,4,0,4,6,3,8,33,9,0,21
5,0,72,77,28,0,4,2,5,4,74,9,0,47
3,0,14,3,1,3,1,0,3,5,66,9,0,6
3,1,13,10,4,4,1,6,3,8,33,10,0,18
2,0,99,0,6,6,12,1,3,8,48,8,0,10
3,0,72,0,0,12,5,1,2,8,53,9,0,3
4,1,92,76,14,5,10,7,4,10,50,9,0,87
3,0,87,398,190,156,37,4,7,1,58,9,2,598
3,1,7,14,7,0,5,4,3,8,46,9,0,22
5,0,91,208,7,66,35,3,9,3,69,9,0,112
3,0,71,430,16,24,33,4,11,3,67,9,0,365
3,0,24,656,38,47,37,8,7,12,53,9,0,223
4,1,17,14,2,2,3,2,4,5,41,9,0,38
2,1,87,141,70,19,23,4,8,8,42,9,0,178
3,0,21,507,19,47,9,9,10,7,46,10,0,389
3,1,90,164,24,3,42,7,6,8,50,10,0,115
2,0,44,606,24,194,64,7,9,4,56,10,3,1171
4,1,71,116,11,17,46,9,5,19,38,9,2,75
3,0,52,143,15,23,5,2,8,2,65,8,0,84
2,0,78,398,96,96,32,5,6,16,40,10,0,667
3,0,2,522,0,16,66,2,8,7,53,8,2,289
3,0,60,161,0,191,122,3,11,1,73,9,0,452
5,0,25,112,0,1,14,3,3,6,59,8,0,8
3,0,47,483,84,84,241,3,8,1,59,8,1,603
3,1,46,7,5,15,37,6,3,7,47,8,0,56
5,0,83,789,25,38,0,2,9,14,53,8,0,436
5,0,17,1239,17,34,17,5,5,2,67,9,3,436
3,1,13,4,1,0,3,1,2,9,42,10,0,7
3,0,86,335,42,5,5,7,8,6,66,8,0,155
5,1,92,639,8,8,58,7,12,15,51,10,0,177
3,0,47,563,76,192,89,6,13,12,47,9,0,468
3,1,18,2,0,2,3,3,2,8,42,9,1,10
5,1,81,746,8,8,8,8,9,7,41,10,2,136
3,1,91,22,1,0,4,1,3,7,44,9,0,17
3,1,58,4,1,1,9,6,2,13,34,8,0,10
3,0,40,478,0,75,117,8,11,5,66,9,0,303
5,1,67,20,3,0,2,1,3,3,50,8,0,6
4,0,19,451,0,4,24,7,8,5,45,8,0,39
5,0,93,371,22,0,92,6,7,5,50,10,0,45
3,1,41,281,7,0,119,7,4,8,45,10,0,99
4,1,60,19,7,1,24,4,2,12,49,9,0,19
4,1,54,26,3,10,0,2,3,6,50,9,0,15
3,1,26,138,15,11,72,6,2,9,48,10,2,60
3,0,30,213,2,2,5,4,5,8,47,9,0,44
4,0,93,407,28,74,18,5,4,3,62,10,0,220
5,0,35,483,74,37,18,5,13,3,58,10,1,283
4,0,4,738,0,20,50,3,7,12,46,9,0,245
3,0,92,502,12,6,90,7,10,8,48,9,0,125
3,1,24,11,0,1,1,3,3,7,53,8,0,7
2,0,96,24,1,29,14,4,4,8,60,10,0,137
5,0,11,1170,19,76,134,2,12,6,64,10,0,693
3,1,99,185,2,5,14,6,5,8,46,10,0,103
3,0,72,983,20,50,40,3,13,6,67,9,1,629
4,0,77,691,0,0,130,2,3,8,58,9,0,79
5,0,85,504,13,0,26,9,6,7,78,9,1,139
4,0,88,317,25,19,12,5,11,5,60,9,0,290
3,0,22,29,1,0,2,2,3,15,44,8,0,11
5,0,83,1396,0,35,17,4,4,6,51,9,0,368
5,0,63,529,0,28,0,6,11,3,73,8,0,419
3,0,9,388,14,14,21,4,13,2,78,9,0,309
3,1,92,13,2,0,24,1,2,8,62,10,0,25
4,0,2,28,0,0,0,1,3,5,51,9,0,4
1,0,6,16,36,62,108,9,3,8,32,10,0,41
5,1,66,1047,0,38,153,9,12,18,37,10,0,207
4,0,49,31,0,0,6,1,3,5,56,9,0,9
3,0,29,815,10,10,108,10,12,6,69,10,0,267
3,0,77,225,162,36,29,7,8,14,46,9,0,493
3,0,77,493,70,40,84,8,11,17,33,9,0,470
3,0,71,34,4,10,20,2,4,7,30,9,0,69
3,0,49,382,138,26,59,5,12,5,63,10,0,125
5,1,97,127,1,1,31,6,3,7,41,9,1,56
3,0,6,325,83,58,91,6,12,12,43,9,0,386
3,0,93,238,17,10,6,6,5,7,48,9,1,76
4,0,78,1168,92,129,55,5,7,1,63,8,1,480
5,0,62,284,0,6,52,6,5,8,76,9,0,55
4,0,47,1288,20,61,27,5,9,2,47,9,0,693
3,1,9,65,0,3,20,3,3,8,51,9,0,50
3,1,77,11,7,1,11,1,3,19,32,9,0,12
3,0,24,227,23,21,75,4,7,2,63,9,0,431
4,0,19,1035,134,38,0,6,10,3,78,8,2,695
3,1,67,27,1,0,10,2,3,7,52,8,0,14
4,0,95,982,73,14,175,7,6,5,35,8,1,407
3,0,48,179,2,17,58,10,6,20,31,9,0,102
3,0,73,1379,33,33,66,2,9,6,69,10,2,216
3,1,35,32,1,12,85,7,3,14,35,10,1,80
3,1,76,8,4,6,2,1,3,8,36,10,0,22
5,0,20,881,38,25,12,4,10,2,64,9,0,335
4,0,72,141,15,31,35,4,6,3,45,8,0,220
3,0,20,1000,155,17,120,4,4,8,58,10,0,603
5,1,69,206,10,27,71,4,8,6,52,9,0,97
2,0,80,162,61,57,61,4,8,7,47,9,0,180
3,0,65,619,54,54,54,4,5,1,53,9,0,387
4,1,52,456,4,0,9,8,6,13,45,8,1,24
3,1,65,112,6,9,38,3,5,4,50,9,0,95
3,1,57,11,3,2,6,7,3,14,40,9,0,24
4,0,70,172,12,0,15,6,5,7,61,9,0,120
3,0,0,78,0,0,7,2,3,5,55,8,0,11
3,0,19,464,151,60,30,8,4,4,55,8,2,357
2,0,50,99,4,54,6,2,7,2,70,9,0,69
4,1,67,19,3,5,26,3,3,11,41,9,0,23
2,1,46,1,9,3,22,5,3,8,45,9,0,19
3,0,37,63,10,19,19,4,4,13,43,10,0,90
5,1,38,252,3,3,102,9,3,6,38,10,0,46
5,0,9,1478,19,19,0,7,6,18,40,9,3,403
3,0,56,198,18,108,54,4,8,3,46,9,0,284
2,1,98,8,4,7,6,7,4,5,32,8,0,16
3,0,68,416,46,107,46,3,4,1,53,8,1,985
3,1,72,42,7,12,10,3,4,8,42,9,0,63
3,1,47,14,3,1,28,5,2,8,54,8,2,23
4,1,33,17,0,0,1,1,3,9,49,8,0,3
2,1,87,15,4,4,18,1,3,3,54,8,0,13
3,1,0,6,16,0,34,3,2,7,33,8,2,35
5,0,73,458,0,4,34,8,8,6,51,8,0,30
3,0,74,30,3,21,42,3,2,8,49,9,0,66
4,0,4,179,28,123,47,3,13,1,73,9,1,631
3,1,50,90,17,6,15,4,5,8,60,10,0,112
5,1,57,308,85,45,118,8,11,13,44,9,0,239
3,0,30,557,129,185,111,10,7,13,40,9,1,790
2,0,27,7,4,8,17,2,4,5,42,9,0,28
3,0,61,1492,38,57,33,5,4,6,63,9,5,337
3,1,4,30,8,8,12,2,4,5,44,9,0,20
3,0,75,249,153,134,38,8,7,2,42,9,0,998
4,0,12,465,25,0,37,8,13,4,51,9,0,268
2,0,13,129,129,121,83,6,12,4,52,8,0,427
5,0,9,174,18,6,24,3,7,3,59,9,0,109
5,0,48,189,2,2,40,3,5,4,67,8,0,32
3,0,80,747,10,40,42,4,9,8,60,10,0,226
4,1,60,6,0,0,1,1,2,5,61,9,0,4
3,0,43,14,0,0,4,1,2,6,43,9,0,3
3,1,19,12,0,0,1,3,2,7,42,10,0,4
3,0,26,98,0,10,106,7,5,6,48,10,0,155
5,1,58,32,0,0,1,1,3,7,54,8,0,5
2,1,42,51,12,24,24,4,3,14,44,9,0,66
5,0,27,200,5,10,20,5,5,9,42,9,0,44
4,1,56,25,6,0,0,2,3,11,41,9,0,31
5,0,27,1050,12,0,24,6,8,5,45,9,4,144
3,1,10,117,0,0,30,6,3,7,54,8,0,35
3,1,48,9,4,2,7,3,3,8,42,9,0,27
5,1,39,56,0,0,8,2,4,5,46,9,0,11
4,1,85,145,13,2,4,4,4,7,56,9,0,63
5,1,64,203,0,0,2,3,6,6,48,10,1,10
3,0,69,270,3,6,99,7,5,8,71,9,0,66
2,1,54,9,0,6,10,1,3,8,45,9,0,22
4,0,57,37,12,11,52,2,3,7,61,9,0,31
3,1,64,46,0,0,2,7,3,6,39,8,0,7
2,1,10,31,1,2,9,4,4,8,51,8,0,20
3,0,65,1060,21,0,224,5,5,3,67,10,4,562
4,0,74,264,47,47,11,4,10,2,61,9,0,242
3,0,4,399,4,4,30,7,7,7,62,8,1,36
3,0,94,8,9,5,22,1,3,4,53,9,0,11
5,1,41,19,0,4,17,7,2,7,38,10,1,41
4,0,25,817,183,163,20,5,5,2,47,10,3,903
4,0,94,292,127,127,165,3,9,1,57,9,0,767
3,1,9,12,6,2,16,3,3,4,45,8,0,13
5,0,47,130,30,34,0,3,7,1,50,9,0,188
4,1,12,6,4,10,30,5,2,13,47,9,1,19
3,1,80,16,12,1,13,2,3,7,43,10,0,25
4,1,20,19,0,0,2,3,3,8,43,9,0,9
2,1,39,4,7,9,15,4,3,6,44,9,0,28
3,1,57,31,3,8,4,3,4,8,41,10,0,33
3,0,27,36,0,0,4,1,3,7,51,9,0,2
3,0,83,526,28,21,99,5,12,5,62,10,0,145
3,0,79,400,32,75,54,3,9,1,67,9,0,590
5,0,69,410,16,5,49,5,10,5,74,10,0,114
4,1,77,80,3,2,14,3,3,7,46,9,0,30
4,1,15,88,10,3,64,5,2,10,36,10,1,48
3,0,99,55,0,0,4,1,3,5,49,8,0,8
3,2,61,5,1,5,1,1,3,7,56,9,0,16
1,0,23,8,4,2,11,1,3,7,47,10,0,20
3,0,84,410,0,22,22,6,7,3,52,8,1,739
4,0,74,101,13,18,40,3,6,6,43,9,0,96
4,0,90,162,25,0,10,3,7,3,78,9,0,69
1,1,41,2,8,7,15,1,3,15,49,10,0,5
3,2,28,25,0,0,2,2,3,7,45,9,0,10
5,0,73,389,91,49,41,8,13,5,53,10,1,312
3,1,88,215,13,17,24,8,5,7,48,9,0,104
4,2,94,27,0,0,3,1,3,8,47,9,0,5
5,1,31,85,1,1,2,0,1,1,46,9,0,18
3,1,31,5,6,5,10,3,3,13,44,9,0,16
4,0,6,179,8,11,26,1,9,2,62,10,0,102
5,0,23,352,0,0,15,6,7,6,61,9,0,37
3,0,92,17,8,15,32,4,2,7,41,9,0,23
3,0,52,625,35,17,35,4,6,1,68,8,2,227
2,1,50,10,6,4,2,3,3,7,44,9,0,11
2,0,54,390,22,35,107,6,6,3,67,9,1,427
3,1,93,10,2,1,6,4,3,13,46,9,0,17
3,0,56,215,63,31,190,10,7,3,47,9,0,738
3,0,28,1001,17,125,17,11,5,7,62,10,1,665
5,1,94,19,18,1,8,5,3,9,45,10,0,57
3,1,76,41,5,3,3,6,4,9,45,10,0,139
5,1,43,1181,107,30,30,7,13,8,52,9,0,238
5,0,46,603,45,18,54,3,6,1,59,8,0,243
2,0,13,129,129,121,83,8,12,4,52,8,0,427
2,0,27,10,24,1,30,2,3,7,57,8,2,28
3,0,12,514,22,198,79,6,7,3,49,9,1,774
3,2,3,14,0,0,1,1,2,7,55,8,0,1
3,0,72,387,20,54,163,9,11,5,70,9,0,751
3,0,6,121,103,44,48,4,7,4,60,9,0,77
4,0,53,965,69,41,69,8,9,7,72,10,1,333
3,0,58,707,21,43,73,6,8,14,51,9,1,335
3,0,78,571,50,50,159,4,13,2,62,10,0,175
5,0,57,586,66,0,26,5,6,2,69,8,0,670
5,0,37,1063,89,12,25,9,6,6,63,10,0,118
3,0,20,305,3,3,144,5,4,5,48,9,1,31
4,0,73,1200,105,42,147,4,6,2,75,9,3,758
5,1,56,163,2,11,11,5,6,6,41,9,0,48
3,0,36,1009,181,21,207,9,13,3,52,9,3,306
4,1,9,125,6,4,19,5,6,4,42,9,0,81
4,0,42,721,0,50,50,7,12,4,45,8,0,271
3,0,28,315,4,31,146,7,7,5,64,9,0,103
4,0,23,1000,19,115,38,4,9,1,62,8,1,836
3,1,38,16,0,3,6,6,3,16,37,10,0,23
3,0,63,757,80,80,11,11,12,6,48,10,0,246
5,0,71,30,2,1,9,1,4,2,67,8,0,25
3,0,9,219,3,0,17,7,5,8,57,10,0,126
3,0,81,1,1,1,1,0,0,0,47,8,0,2
3,0,87,111,3,6,15,3,4,6,64,8,0,30
2,0,92,45,47,20,25,3,5,6,54,10,0,73
5,0,36,410,112,82,71,9,13,4,75,9,0,420
5,1,86,100,1,1,76,3,3,6,46,9,1,45
3,0,83,509,0,11,5,7,9,6,59,10,0,72
3,1,74,3,6,2,6,0,3,7,37,9,0,5
3,0,87,445,53,98,151,6,13,7,47,9,0,317
1,0,29,2,2,7,11,2,3,8,42,10,0,52
4,0,88,4,1,2,2,1,3,6,56,9,0,17
3,0,77,6,1,4,19,1,2,8,53,10,0,30
5,0,25,14,0,0,3,3,2,7,48,9,0,3
1,1,34,1,10,3,15,7,3,19,35,9,0,30
5,1,43,26,0,0,2,1,3,8,44,9,0,6
2,1,76,111,16,9,18,3,5,8,41,9,0,44
5,0,81,418,61,51,10,7,10,5,58,9,0,508
4,0,87,327,9,14,83,5,9,6,60,9,0,141
3,0,33,371,159,106,141,4,6,10,52,10,0,252
3,0,38,275,59,101,59,6,8,4,42,9,0,176
5,0,63,789,0,9,38,4,8,8,47,10,0,154
3,2,26,1,1,3,1,3,2,8,48,8,0,5
5,0,17,1004,12,12,36,10,5,5,59,10,2,177
3,0,75,187,81,43,91,2,12,11,43,8,0,174
2,1,13,56,4,1,18,9,3,9,37,9,2,93
5,0,19,365,32,110,6,3,13,10,42,9,0,151
3,0,51,595,23,23,154,8,4,6,59,9,0,133
3,0,81,1132,134,134,115,11,13,7,55,10,0,559
2,0,32,34,11,61,45,13,5,18,40,9,0,316
3,0,84,116,6,6,41,3,6,5,57,9,0,88
3,0,87,565,32,32,54,2,6,1,55,9,0,463
5,0,99,372,18,48,78,5,11,4,46,9,0,173
5,0,96,899,102,102,40,5,10,2,50,10,1,971
5,0,21,55,16,3,4,0,1,17,40,10,0,1639
5,0,40,760,40,40,26,8,12,1,33,8,2,480
5,0,3,260,86,9,67,4,4,2,53,9,0,622
5,0,98,459,0,0,4,4,7,6,62,10,2,30
3,0,73,466,0,49,99,7,4,9,42,9,0,343
4,0,90,67,15,11,80,1,4,3,54,9,0,97
1,0,29,2,0,7,10,1,3,6,60,9,0,10
4,1,3,67,1,2,31,2,2,7,63,9,1,20
4,0,94,92,4,3,6,2,4,3,51,9,0,21
3,0,65,4,2,0,4,6,2,12,27,8,0,13
5,1,33,20,1,3,2,2,3,8,63,9,1,31
3,0,46,273,11,83,29,8,6,6,61,9,0,240
3,0,29,434,22,22,34,10,10,4,62,8,1,492
3,0,99,321,11,26,34,9,5,8,49,9,0,342
3,2,26,212,123,64,23,8,8,4,44,8,0,192
3,0,30,909,12,12,242,7,11,8,44,8,1,278
4,0,27,1184,32,16,16,3,7,1,34,8,4,373
4,1,24,112,19,14,5,6,4,13,44,9,0,37
3,1,93,656,80,107,93,13,8,4,36,9,2,507
5,1,34,23,0,2,18,3,3,2,52,8,0,14
3,0,88,537,6,6,30,9,6,8,71,9,0,58
5,0,96,712,0,0,191,2,5,7,74,9,1,45
4,1,10,23,1,2,18,1,2,7,41,9,2,15
3,1,26,1,3,2,6,6,2,16,36,9,0,6
4,0,49,664,58,0,66,7,10,5,57,10,0,115
3,1,11,6,10,14,42,4,3,6,47,9,0,40
3,0,44,299,5,21,49,5,8,4,69,9,0,222
3,1,75,99,13,8,4,9,5,20,40,9,0,109
5,0,64,749,40,160,147,5,5,9,47,10,0,415
2,0,19,345,25,138,80,5,8,2,62,10,2,564
3,1,45,9,4,5,5,4,3,7,44,9,0,25
3,0,77,440,81,122,174,11,9,6,52,9,0,368
3,1,9,8,2,0,3,1,2,7,59,8,0,8
4,0,1,670,9,28,9,5,5,4,57,10,0,249
3,0,90,524,0,28,155,11,8,7,68,9,0,162
5,1,43,6,0,1,1,6,3,10,38,8,0,8
3,0,79,597,166,166,249,5,4,3,57,9,0,769
3,1,19,7,0,7,32,4,2,9,46,10,2,25
3,0,99,54,0,0,4,2,3,6,51,8,0,7
3,0,62,445,25,76,48,6,12,2,67,9,1,786
4,0,41,294,142,58,151,3,11,15,46,8,0,382
4,2,60,292,3,3,26,6,5,7,47,9,0,87
3,0,17,412,22,28,183,16,8,16,31,9,1,191
5,1,24,8,0,0,0,0,3,5,63,9,0,3
5,1,60,349,4,0,43,7,6,8,59,10,0,84
3,1,57,328,9,24,109,4,10,3,44,9,0,136
5,1,74,144,2,2,30,6,4,8,64,9,0,106
3,1,22,1126,28,28,42,6,4,5,49,9,3,248
3,0,46,967,0,50,0,4,13,2,73,8,4,660
3,0,69,432,79,136,170,10,4,4,49,9,0,518
4,0,29,138,39,18,21,4,7,2,65,8,0,118
1,1,37,0,0,4,6,6,2,7,33,9,0,8
3,0,26,509,133,24,97,7,6,11,53,10,0,575
5,0,8,948,10,21,21,6,11,5,69,9,0,99
4,1,26,39,2,3,24,3,3,8,56,9,0,29
5,1,79,28,1,0,10,2,3,5,67,8,0,24
2,1,71,13,11,8,40,3,4,6,44,9,0,37
3,0,83,307,26,31,40,6,5,3,53,8,1,498
3,0,57,901,31,31,191,4,11,1,70,9,1,420
2,1,37,2,5,8,7,2,4,5,47,9,0,16
3,0,30,283,17,106,44,3,12,10,27,8,0,510
3,1,34,4,3,3,11,3,2,7,42,9,1,7
2,0,0,769,80,34,65,10,7,6,68,8,2,267
5,0,89,518,42,56,84,8,5,2,50,9,0,797
5,0,92,350,8,4,4,3,10,3,64,9,0,83
3,0,87,445,53,98,151,6,13,4,47,9,0,317
3,0,20,778,178,27,44,8,11,8,53,9,4,730
3,0,56,709,93,80,80,8,6,10,43,8,0,478
2,0,28,359,35,116,89,7,13,7,44,9,0,407
5,0,55,799,12,12,12,9,5,6,50,10,1,391
3,0,25,895,10,0,152,3,8,8,58,9,0,114
4,1,0,40,2,4,23,2,3,4,43,9,0,23
5,0,86,76,0,0,16,3,2,5,58,8,0,7
2,1,8,11,5,5,11,5,3,7,41,9,0,34
3,1,33,245,16,43,16,8,8,6,55,8,0,244
4,0,13,647,107,67,40,6,10,3,34,9,0,566
5,1,12,39,1,1,34,4,2,7,44,9,2,11
3,0,92,203,35,17,227,2,5,1,65,8,0,351
3,0,90,138,3,0,59,3,4,6,57,9,0,42
3,0,8,587,51,0,86,3,7,2,45,10,0,1145
3,0,6,595,97,133,121,16,12,15,35,10,0,418
2,0,91,43,12,15,61,2,4,4,47,9,0,52
4,0,52,301,7,0,58,6,7,6,66,9,0,84
3,0,3,180,32,32,90,7,12,2,43,9,0,424
5,0,57,794,115,0,205,8,6,3,71,9,0,393
3,1,9,392,5,26,112,7,7,8,47,9,1,119
3,1,22,39,1,4,12,4,4,10,50,9,0,25
5,0,76,107,2,2,12,0,1,20,55,10,0,14
3,1,86,13,0,0,0,1,2,7,59,9,0,3
5,0,64,70,0,0,6,2,3,6,47,9,0,17
5,0,90,680,11,0,0,2,4,1,59,8,0,467
4,1,79,26,1,1,4,1,3,3,57,9,0,11
3,0,28,522,0,120,134,8,5,13,51,9,0,749
5,0,86,412,12,182,0,4,10,1,48,8,0,624
3,1,42,6,5,0,5,1,3,14,46,8,0,13
3,1,39,2,3,1,9,1,2,7,52,8,0,10
3,1,8,1,3,5,5,3,2,7,50,8,0,10
3,1,40,6,2,6,3,3,3,8,50,9,0,21
1,1,5,4,12,16,17,2,3,7,36,10,0,8
4,1,96,18,2,2,6,3,4,7,57,8,0,19
5,0,28,324,48,18,198,6,4,7,54,9,2,225
4,1,22,327,9,4,139,9,8,7,44,8,1,150
3,0,30,229,27,3,34,9,5,9,46,10,0,84
4,0,45,521,168,76,61,3,4,2,77,9,0,786
5,0,58,184,23,23,23,5,7,2,65,10,4,476
3,0,49,4,8,2,13,2,3,7,62,9,1,23
3,1,37,183,2,2,12,3,5,4,44,9,0,71
3,0,70,31,19,14,52,1,5,3,51,9,0,61
4,0,33,219,3,9,12,4,7,7,60,9,1,72
5,0,98,479,28,14,35,10,7,6,63,8,0,211
2,0,17,584,44,8,177,11,8,8,57,10,0,258
3,0,54,627,91,91,15,6,12,12,49,9,0,756
3,1,39,24,1,2,5,4,3,8,44,9,0,28
4,0,81,330,5,27,16,6,9,4,52,9,0,195
3,1,71,19,1,1,8,1,3,5,56,9,0,12
3,1,62,28,23,14,47,2,4,6,61,9,0,58
5,0,8,606,148,148,22,6,13,2,78,9,0,243
3,0,76,1039,43,58,29,2,12,8,64,9,4,357
4,0,66,411,0,0,21,7,7,7,46,9,0,26
4,0,83,34,1,7,0,3,3,2,51,8,0,21
3,0,28,161,28,3,45,3,6,3,65,9,0,168
3,1,87,623,53,17,133,3,8,8,50,9,1,201
3,0,43,604,26,161,94,5,6,7,50,9,0,593
3,0,0,3,10,16,32,1,2,6,41,9,0,11
3,1,1,12,2,1,10,2,3,9,50,9,1,23
3,0,1,184,174,30,32,5,6,2,47,8,0,306
4,0,72,393,0,69,69,5,9,4,67,9,0,329
5,0,72,410,73,161,30,10,12,10,36,9,0,823
5,0,12,376,9,4,4,5,7,12,52,8,0,102
3,1,89,7,2,1,4,3,2,6,46,8,0,6
3,0,67,68,0,157,68,10,4,9,68,10,0,277
3,0,54,642,14,7,57,9,9,5,50,8,0,49
2,1,34,8,7,6,12,2,3,8,44,9,0,22
5,0,15,840,53,71,17,5,8,13,42,9,3,827
3,1,43,7,10,11,11,4,3,7,50,9,0,16
3,0,0,464,5,0,37,7,7,5,56,8,2,71
3,0,74,30,3,21,42,3,2,8,49,9,0,66
3,0,61,1492,38,57,33,5,4,6,63,9,5,337
2,0,51,752,122,153,34,10,11,8,63,9,0,515
3,1,97,1279,15,0,15,3,7,5,68,9,2,307
3,1,75,22,1,1,2,1,3,8,50,9,0,10
5,0,83,860,28,56,56,8,4,4,64,9,0,482
3,1,23,3,0,0,1,1,3,6,38,8,0,18
5,1,65,10,5,1,8,2,3,5,46,9,0,39
3,0,94,351,16,5,145,6,7,20,30,10,0,163
5,0,42,421,5,16,10,7,7,5,55,9,0,90
2,1,10,2,5,18,18,2,3,7,42,9,0,7
3,1,94,25,1,1,1,1,3,8,45,9,0,11
3,0,50,336,123,123,141,6,12,3,66,9,0,320
4,1,46,191,9,6,82,6,5,7,50,9,0,97
3,0,98,563,50,31,187,7,12,15,42,10,0,802
2,0,42,31,0,1,8,1,3,15,42,9,0,6
3,0,30,479,5,17,171,9,5,5,45,8,1,89
3,1,11,18,6,8,17,2,3,5,62,9,0,27
3,0,61,91,65,44,28,3,6,5,48,10,0,62
3,1,12,5,7,14,20,3,4,10,34,8,0,43
3,1,76,2,14,3,7,4,3,9,41,10,0,44
2,0,2,362,50,35,54,3,7,1,62,9,0,565
3,0,43,724,74,55,130,7,7,2,52,8,4,1026
2,0,27,605,91,45,205,3,8,3,31,10,0,399
4,0,60,547,7,7,63,7,8,5,66,10,0,140
3,0,79,104,1,9,14,3,5,5,49,9,0,67
3,2,96,8,2,10,18,3,3,8,42,9,0,15
3,0,17,224,2,0,110,5,3,6,48,9,0,32
5,0,0,384,0,32,5,6,9,4,63,8,0,123
2,0,38,556,54,133,63,7,10,3,65,10,2,1047
5,1,43,24,0,0,9,1,2,5,51,8,1,2
5,0,1,408,0,0,17,9,7,11,48,8,3,21
3,0,25,265,199,9,170,12,12,7,43,9,0,537
4,0,2,34,0,0,0,1,3,7,49,8,0,7
3,2,66,374,64,25,64,11,11,5,37,9,0,200
3,1,49,27,2,0,1,1,3,8,46,10,0,10
2,0,5,600,20,30,33,11,10,19,33,9,1,379
3,1,71,13,2,1,0,2,3,8,53,8,0,24
4,1,35,167,2,0,34,6,4,8,53,8,0,89
3,0,94,0,2,1,5,5,3,10,35,9,0,7
2,1,80,46,35,41,66,4,6,10,33,10,0,153
2,1,61,88,39,13,93,6,4,12,47,9,0,136
5,0,29,243,11,3,15,4,8,8,49,9,0,129
4,0,0,275,11,7,7,5,8,5,56,9,0,93
4,2,80,6,0,0,0,1,2,16,36,9,0,4
3,0,54,121,62,20,125,2,8,13,44,9,0,158
3,1,71,4,12,7,12,4,3,13,43,10,0,34
5,0,27,1308,0,0,0,5,4,16,39,9,2,419
3,0,61,515,47,66,38,5,4,3,58,8,1,329
3,1,55,4,0,4,4,4,3,7,46,8,0,33
2,1,35,48,13,15,25,5,4,14,41,8,0,81
4,1,34,562,58,16,142,5,10,3,44,9,0,211
3,0,95,769,22,143,33,4,5,2,69,9,3,710
4,1,64,379,4,9,98,8,4,13,41,9,0,105
3,1,30,29,12,1,36,3,4,13,39,9,0,78
4,0,12,387,68,45,68,6,12,1,66,8,0,658
2,1,96,12,23,18,7,3,3,9,44,9,0,68
3,1,16,6,10,15,40,5,2,8,50,8,2,15
3,0,16,27,1,1,21,2,3,8,47,10,0,18
3,2,78,9,1,0,1,0,3,10,47,9,0,5
2,1,83,22,0,5,3,2,3,11,41,8,0,25
5,0,96,899,102,102,40,5,10,2,50,10,1,971
5,0,67,889,55,92,129,5,13,12,52,9,0,853
5,2,87,189,2,5,12,6,4,9,59,10,0,55
3,1,34,48,0,0,5,2,3,7,53,9,0,2
3,1,46,230,14,24,58,9,5,8,50,9,0,238
4,0,7,852,60,36,48,4,10,7,44,9,0,285
3,1,73,35,3,1,20,4,3,9,49,9,1,24
4,1,54,205,20,2,56,5,5,5,47,10,0,70
3,0,93,255,31,56,175,3,11,1,39,8,0,486
1,1,52,0,0,3,2,1,2,10,31,8,0,9
5,0,53,437,8,49,42,7,5,6,79,9,2,366
5,0,81,825,8,0,242,8,5,10,50,10,0,64
3,0,8,316,58,51,135,6,4,5,66,9,1,237
3,0,97,756,138,169,61,10,7,4,64,8,0,514
5,1,50,194,55,0,3,4,8,6,48,9,0,149
3,1,38,7,17,10,26,9,3,8,36,9,0,24
3,0,61,183,33,103,57,4,10,2,64,9,0,552
3,0,46,171,0,1,20,4,4,11,42,9,0,11
3,0,73,243,101,40,40,4,6,2,55,9,0,434
3,0,19,181,21,3,96,5,6,10,49,9,0,108
3,1,10,151,7,7,28,4,6,5,43,9,0,89
3,0,94,494,92,11,241,5,10,0,45,8,0,585
3,0,10,464,28,18,37,7,7,2,61,9,2,902
3,1,37,5,1,0,7,1,2,7,41,9,0,15
3,1,94,29,0,5,4,4,3,5,48,8,0,29
5,0,23,102,9,3,12,2,6,20,36,8,0,73
5,0,75,604,28,28,28,3,8,1,56,9,0,765
3,0,40,571,12,60,24,3,5,19,30,9,0,586
5,0,24,953,0,0,174,10,10,8,59,9,1,71
4,1,11,63,3,9,28,3,4,11,50,9,1,75
3,0,29,770,29,27,24,12,7,16,28,10,2,1140
3,0,51,398,61,61,53,3,6,1,68,9,0,403
4,0,86,741,19,9,28,3,7,2,62,9,0,204
5,0,9,1478,19,19,0,12,6,13,40,9,3,403
2,0,30,156,29,32,47,3,7,3,68,9,0,86
5,0,73,960,64,0,16,6,9,3,68,9,1,610
5,1,25,38,0,0,6,1,3,7,62,8,2,2
3,0,67,315,26,12,182,2,6,1,29,9,0,693
4,1,67,15,20,7,26,4,4,13,43,9,1,27
5,1,58,19,6,5,12,1,4,4,69,8,0,20
3,1,82,812,99,149,33,16,10,11,36,8,1,668
4,0,98,73,28,24,115,8,6,8,43,10,0,227
3,0,93,372,23,12,108,6,9,2,44,8,1,634
2,0,53,871,111,55,166,9,10,2,40,9,1,849
3,0,66,375,152,91,81,10,6,2,29,8,0,428
5,0,6,760,80,13,80,8,5,3,46,9,0,483
5,0,42,471,0,21,12,8,9,9,48,8,0,609
3,1,78,31,9,9,33,6,4,3,33,8,0,43
5,0,29,819,0,0,63,11,10,7,71,10,1,84
1,1,82,1,4,9,7,6,3,8,33,10,0,11
3,0,92,203,35,17,227,2,5,1,65,8,0,351
5,1,78,26,0,1,2,5,3,8,51,8,0,17
3,0,54,354,21,75,32,9,4,4,51,9,0,478
5,0,45,1253,0,71,35,11,11,8,52,9,1,470
3,0,59,371,17,24,106,9,11,5,51,9,0,261
5,1,8,588,7,15,15,8,9,8,47,9,0,186
2,1,51,480,86,86,144,6,5,6,70,9,0,324
5,0,51,517,12,6,120,7,7,5,60,9,0,70
3,0,76,267,98,70,98,3,6,11,39,9,2,654
3,0,62,1111,24,45,172,5,5,2,69,9,4,950
1,0,86,7,7,16,15,2,3,7,36,10,0,21
5,0,60,1166,0,0,36,4,10,18,35,10,2,48
2,0,56,261,42,48,133,4,9,3,40,8,0,199
3,1,83,135,25,25,46,6,5,3,43,9,0,74
3,1,92,6,2,8,14,2,3,4,45,9,0,20
2,0,31,711,28,18,47,5,9,8,47,10,0,191
5,1,80,11,0,4,11,4,3,4,43,8,0,15
5,1,39,42,0,0,18,2,3,5,46,8,1,17
4,1,20,79,7,3,18,3,4,6,49,9,1,64
5,2,53,20,6,5,38,5,2,10,41,9,0,62
4,1,84,30,0,0,14,1,2,11,46,8,0,10
5,1,50,20,2,1,4,3,4,8,46,9,0,26
3,0,96,115,27,146,139,5,6,5,57,10,1,48
3,0,94,263,5,41,83,5,8,5,70,10,0,302
3,1,25,69,2,2,6,2,4,13,49,8,0,17
5,0,48,267,3,0,57,5,5,6,65,9,0,34
3,0,65,561,85,123,114,4,13,2,55,10,0,196
5,0,69,492,0,0,42,6,8,5,55,8,0,44
4,1,12,14,7,16,12,2,3,6,43,10,1,15
5,0,84,80,4,17,2,2,5,6,47,9,0,46
3,1,47,97,12,10,15,5,6,5,42,8,0,97
3,0,87,197,107,59,131,5,11,4,63,9,0,234
3,0,35,693,21,24,84,8,9,14,49,9,3,956
3,1,47,43,2,9,12,3,4,7,49,10,0,27
5,1,48,14,0,0,7,1,2,8,48,9,1,2
3,1,46,186,36,72,48,10,6,9,42,10,0,320
3,0,27,434,137,137,45,8,10,12,34,8,0,445
5,2,37,59,0,2,5,3,4,7,44,9,0,15
2,1,8,16,5,7,26,8,4,14,34,10,0,38
2,0,29,230,35,57,31,7,7,5,63,9,0,138
4,0,85,829,138,92,15,4,13,7,51,10,0,490
3,0,2,318,8,35,8,2,13,0,60,8,0,557
4,0,66,1206,55,18,18,2,12,1,63,10,1,613
4,2,60,292,3,3,26,6,5,7,47,9,0,87
3,1,54,30,9,11,30,2,4,4,65,8,0,14
3,0,70,729,17,0,195,10,7,7,68,9,1,144
2,1,55,12,1,0,7,0,2,4,52,9,0,3
3,0,20,2,1,0,1,0,0,14,52,8,0,2
4,1,78,22,3,0,11,4,3,7,43,9,0,18
3,0,63,587,43,87,54,11,9,6,44,9,0,379
3,0,17,674,168,42,231,5,6,3,72,9,3,300
5,0,43,284,3,7,23,4,8,13,48,9,0,88
5,0,13,1023,93,55,37,5,7,12,44,9,0,700
3,0,46,1394,22,91,182,9,9,5,53,9,4,797
2,0,65,311,26,37,121,4,13,15,46,9,0,820
5,1,1,27,0,1,5,2,3,5,61,8,0,12
3,0,6,1296,17,69,51,2,10,1,68,8,5,356
2,1,32,3,6,0,3,2,3,10,50,10,0,7
4,1,34,393,5,5,27,12,6,13,41,10,1,143
3,1,70,218,63,35,70,10,12,12,33,8,0,419
3,1,49,66,0,6,20,1,4,3,63,8,0,16
3,0,65,4,2,0,4,1,2,6,27,8,0,13
3,0,25,795,0,58,0,8,10,11,44,9,1,640
3,1,84,15,10,17,20,2,3,5,60,8,0,27
3,1,7,384,25,41,64,8,6,6,49,9,1,422
3,0,34,244,8,2,50,3,8,4,66,9,0,39
5,0,38,158,19,0,38,6,9,7,66,10,3,313
5,0,1,1285,21,20,20,9,4,19,35,9,3,555
2,1,25,349,16,5,182,8,4,8,41,9,3,172
3,1,25,4,12,13,15,2,3,12,35,9,0,14
5,0,50,223,2,2,39,5,4,8,58,9,0,31
3,0,46,157,43,56,37,3,4,4,68,9,2,195
4,0,96,397,46,38,70,6,10,3,69,10,0,308
3,0,57,901,31,31,191,4,11,1,70,9,1,420
3,1,47,14,3,1,28,3,2,15,54,8,1,23
5,1,52,10,0,0,4,1,2,6,49,9,0,3
3,0,30,1230,0,178,158,12,8,5,43,10,3,628
5,0,63,81,1,1,0,1,5,7,46,8,0,33
3,1,51,154,20,12,27,6,4,9,44,9,0,66
4,0,14,63,0,0,12,3,3,14,44,10,0,28
4,1,20,30,0,0,3,4,4,7,51,8,0,11
4,0,56,90,67,43,11,4,8,3,66,8,0,195
2,0,41,635,114,152,76,6,7,3,57,8,1,386
3,0,72,127,4,6,11,4,7,2,43,9,0,88
3,1,1,13,3,5,6,3,3,8,49,9,0,12
3,0,27,18,42,20,18,4,4,7,46,9,0,39
3,1,77,45,2,1,1,5,3,11,49,8,0,30
5,1,87,38,1,0,0,4,3,10,48,9,0,24
5,1,81,986,36,0,108,11,4,7,69,9,1,184
4,0,51,61,0,0,7,1,3,5,51,8,0,3
3,1,79,4,9,0,12,2,2,8,44,10,0,33
5,0,11,201,53,77,83,5,9,4,55,9,0,288
3,1,54,19,8,12,26,4,2,7,44,9,2,29
1,1,93,4,8,12,26,2,2,20,35,9,0,30
5,0,0,18,0,0,2,1,3,4,54,9,0,2
2,0,54,806,80,11,33,10,10,6,58,10,0,281
3,0,21,380,98,112,28,10,5,3,51,9,2,843
3,0,58,576,172,115,19,10,5,13,51,9,1,1086
3,0,3,458,81,50,40,4,7,7,53,8,0,462
2,1,99,5,10,8,16,1,3,14,45,9,0,16
3,0,70,350,60,133,145,7,7,12,49,8,1,678
3,0,65,39,33,26,44,5,5,11,42,10,0,171
5,1,44,26,1,2,15,3,4,4,59,8,0,18
4,1,6,68,0,0,8,2,4,7,50,9,0,16
5,1,9,45,3,4,7,3,2,6,51,8,2,13
3,0,95,359,0,26,123,6,8,5,69,9,0,147
3,0,70,403,24,24,218,5,6,3,58,8,1,35
3,1,92,34,1,0,5,2,3,8,58,10,0,14
3,0,62,73,18,12,2,5,0,18,31,10,0,73
3,0,85,292,30,33,200,4,4,2,55,8,1,478
3,1,2,14,0,0,6,1,2,10,36,9,1,16
4,0,0,80,1,1,3,2,4,7,47,10,0,37
4,0,91,30,11,6,29,2,4,4,46,9,0,46
5,0,3,463,96,53,10,7,12,3,62,9,0,501
3,1,68,75,12,39,187,11,5,12,38,10,1,184
3,0,98,538,13,6,26,6,11,5,56,9,1,108
2,0,41,635,114,152,76,6,7,3,57,8,1,386
5,1,16,8,0,0,1,1,2,8,51,8,1,3
5,0,82,1315,22,0,178,7,9,5,73,9,0,925
2,1,1,4,2,5,26,3,2,14,42,9,1,19
4,1,64,12,0,0,10,1,3,12,39,9,0,15
3,0,68,347,44,0,26,3,12,18,37,10,0,551
3,0,98,192,5,5,15,8,4,8,48,10,0,53
5,0,32,241,0,0,25,5,5,7,61,9,0,12
3,0,87,631,28,14,56,6,8,3,70,10,0,521
3,0,84,336,28,54,54,2,6,10,35,9,0,466
4,1,3,1099,0,0,34,3,10,8,73,10,1,45
3,0,34,743,19,0,200,7,11,5,64,9,1,193
5,0,23,124,83,59,35,10,11,12,35,9,1,352
5,1,37,15,0,2,20,3,2,5,49,8,1,12
5,0,22,397,19,0,9,4,8,2,53,8,0,81
3,1,19,10,4,3,14,1,3,7,51,10,0,7
3,0,7,530,117,44,147,9,8,1,30,8,3,812
2,0,52,1215,33,116,149,8,8,6,57,10,0,313
3,0,91,3,2,4,2,1,2,8,56,10,0,7
3,0,93,444,44,8,17,5,13,2,44,8,0,393
5,1,78,26,0,1,2,5,3,12,51,8,0,17
3,0,23,736,114,76,190,5,8,3,56,10,0,361
3,0,83,473,21,21,56,9,9,6,67,10,0,195
3,0,92,32,0,0,8,2,3,5,64,8,0,7
3,0,4,288,10,10,125,6,6,6,64,9,0,34
3,0,32,1050,178,138,118,4,9,1,61,9,1,632
5,0,27,1001,44,44,44,6,11,2,41,9,2,165
2,1,10,9,1,3,2,1,3,9,46,9,0,7
4,1,9,234,14,10,42,4,8,11,54,8,0,96
5,1,65,7,2,0,3,3,2,7,44,9,0,8
3,0,68,251,108,92,117,4,5,2,52,8,0,399
3,1,16,172,10,13,16,7,4,10,41,10,1,146
3,0,12,565,42,83,99,5,4,3,66,10,1,612
3,1,95,5,0,0,0,0,3,19,40,9,0,10
4,0,16,918,57,38,133,7,6,3,52,9,2,941
3,0,46,652,8,0,142,11,5,9,45,9,0,179
3,1,3,4,1,1,2,3,3,4,42,9,0,9
5,0,80,152,27,54,81,9,4,5,64,9,5,209
3,1,77,8,0,1,3,1,2,6,39,8,0,11
5,0,0,336,130,32,43,4,5,2,64,8,1,651
5,0,62,938,19,95,38,8,7,2,49,8,1,868
5,1,91,68,8,8,12,2,4,5,48,8,0,37
3,0,24,227,23,21,75,4,7,2,63,9,0,431
5,1,2,38,4,3,3,3,3,8,50,9,0,25
5,1,22,105,0,1,4,2,4,3,52,8,0,11
3,0,56,162,50,30,27,6,8,4,43,9,0,155
3,0,54,574,8,16,33,4,5,1,59,8,0,237
2,0,71,160,80,39,41,8,8,18,36,10,0,436
4,1,38,6,0,0,1,6,2,7,40,9,0,5
3,0,62,614,35,35,35,5,10,5,43,9,0,218
3,0,78,897,161,161,27,4,6,15,47,9,4,616
2,0,18,70,54,9,45,4,7,8,43,9,0,189
3,1,95,120,19,19,54,7,5,8,36,9,0,231
3,1,66,211,2,7,10,4,6,5,42,9,0,37
3,1,28,11,0,6,21,2,3,8,50,8,0,23
5,0,78,760,53,93,0,4,11,2,62,9,1,417
5,0,13,53,0,0,2,2,3,5,65,8,0,8
2,0,27,7,4,8,17,2,4,13,42,9,0,28
2,1,17,391,32,32,16,6,9,5,48,8,1,91
3,1,71,199,9,21,6,4,7,4,52,8,0,77
3,0,79,516,56,33,16,2,11,1,68,9,0,535
2,0,1,709,45,160,45,13,5,19,39,9,2,145
5,1,78,12,0,0,0,3,2,8,49,8,0,4
4,0,23,1000,19,115,38,4,9,1,62,8,1,836
5,1,75,19,3,1,0,3,3,8,38,9,0,21
3,0,70,1224,28,14,168,5,5,9,51,9,2,140
5,1,10,16,2,0,24,6,2,8,39,9,2,21
4,0,24,88,39,28,153,8,3,6,39,9,2,118
1,0,47,2,23,6,46,2,2,8,46,9,0,19
2,0,98,508,11,5,29,11,6,9,44,9,0,82
3,0,4,381,28,28,21,6,9,7,54,9,0,299
5,1,15,74,0,1,6,2,4,7,43,10,0,44
4,1,67,146,0,13,73,4,5,7,49,9,0,100
3,1,32,23,17,20,9,2,4,11,43,9,0,66
3,0,40,110,5,23,29,6,5,7,58,10,0,163
3,1,54,165,3,24,41,6,5,8,50,10,1,151
3,1,78,957,47,47,95,5,6,8,56,10,0,576
3,2,94,41,0,1,16,3,3,13,45,8,0,20
1,0,51,1,3,3,11,5,3,17,37,9,0,6
2,0,42,176,29,33,112,7,11,4,70,9,1,818
4,0,67,815,8,0,70,2,9,7,71,9,1,64
3,1,87,6,1,0,4,1,2,7,45,9,0,4
3,1,29,8,4,3,16,3,3,5,44,8,0,26
3,0,89,717,42,30,84,6,9,3,46,10,1,1083
3,0,74,1067,138,19,39,12,8,4,37,9,4,750
2,1,97,166,5,8,29,5,6,6,48,8,0,118
5,1,63,29,4,4,4,5,3,9,44,10,0,36
5,0,88,714,76,0,12,4,9,1,60,9,1,511
4,0,34,8,4,2,4,8,3,14,33,8,0,12
3,0,81,229,5,2,20,6,4,7,51,9,0,59
4,0,65,320,48,72,48,6,10,4,69,9,0,172
3,1,51,23,0,15,3,7,4,17,33,9,0,33
2,1,76,1,5,8,20,4,2,6,44,8,0,12
5,0,76,56,0,0,18,2,4,7,50,9,0,12
3,0,84,508,124,38,134,6,13,3,77,9,0,299
4,1,56,29,0,2,3,4,4,12,48,8,0,27
3,1,31,46,7,4,27,5,3,6,41,9,2,61
3,1,0,454,0,19,32,9,8,8,56,10,0,179
5,0,91,350,3,0,19,9,4,8,68,9,0,39
3,1,40,10,0,0,9,6,2,17,36,10,2,8
5,0,59,735,40,20,30,9,13,6,79,9,0,235
3,0,96,897,126,112,37,10,7,6,58,10,0,287
3,0,61,5,2,0,5,3,2,8,43,10,0,6
3,0,14,777,35,137,114,5,11,10,48,10,2,770
4,0,16,162,6,13,13,1,6,1,57,8,0,43
5,1,98,35,0,0,2,2,3,7,54,8,0,11
3,1,11,342,9,14,19,5,9,7,46,9,1,131
3,0,52,258,105,172,9,9,4,4,48,10,0,476
3,0,19,658,80,13,13,3,5,1,56,8,0,606
3,0,61,356,80,17,106,7,10,5,71,9,0,467
3,0,73,213,5,7,41,4,6,5,52,8,0,35
3,1,0,454,0,19,32,9,8,8,56,10,0,179
3,0,74,457,4,0,9,8,7,7,57,10,1,29
3,0,55,241,45,26,54,6,10,15,28,10,0,638
5,0,48,210,0,0,2,4,5,7,48,9,0,6
3,0,53,441,35,29,11,4,12,4,50,9,0,90
2,0,13,19,13,7,8,1,3,3,44,9,0,28
3,1,34,28,9,7,13,2,4,9,44,10,0,49
3,0,54,476,75,151,97,4,8,2,74,9,0,191
3,0,69,364,40,60,50,5,8,8,53,8,0,583
1,0,81,0,0,3,8,6,2,13,26,8,1,5
2,0,99,0,6,6,12,1,3,8,48,8,0,10
5,0,3,863,83,99,33,8,5,5,32,10,0,633
4,1,61,349,7,0,47,8,4,7,60,8,1,35
1,1,65,5,23,18,14,2,3,8,43,9,0,15
4,0,93,184,2,8,4,2,6,5,52,9,0,27
4,1,24,8,0,0,2,1,2,8,60,10,0,8
3,0,8,277,21,21,25,3,10,12,41,9,0,126
3,1,72,44,5,4,19,2,4,5,41,9,0,19
4,0,29,1156,120,144,96,8,10,14,31,8,1,1009
3,0,33,373,14,9,19,8,6,7,72,9,0,89
3,0,68,134,8,0,11,4,5,6,55,9,0,82
5,0,55,1148,0,0,24,9,4,7,61,9,2,60
1,1,76,6,12,6,40,2,3,5,54,9,0,24
3,1,17,4,1,0,1,3,2,7,51,8,0,11
3,1,94,5,4,0,5,1,3,17,37,9,0,10
3,1,86,24,2,2,10,1,4,4,47,9,0,22
5,0,25,899,0,0,20,6,13,4,70,9,1,101
5,0,22,108,1,1,4,3,4,8,50,10,0,41
2,0,15,27,2,2,13,1,3,9,48,8,0,7
4,0,35,816,66,66,99,7,4,13,52,10,1,765
4,0,81,1298,0,14,42,9,10,4,53,10,3,107
3,0,55,10,0,29,29,1,2,4,57,8,0,28
3,0,94,87,13,6,10,4,4,5,65,8,0,44
4,1,50,57,2,2,23,4,4,6,43,9,0,55
4,0,64,635,15,7,131,11,9,8,54,9,0,120
2,0,91,43,12,15,61,2,4,4,47,9,0,52
4,1,11,964,34,0,11,5,10,14,53,9,1,152
5,0,72,572,8,35,80,3,5,7,50,8,0,293
2,0,6,341,142,151,66,6,12,5,61,10,0,372
3,1,0,63,6,13,22,2,5,4,45,9,0,70
3,0,66,221,104,78,84,9,8,7,63,9,0,271
4,0,42,140,3,5,14,3,4,4,54,9,0,33
3,1,60,1,2,3,13,3,2,7,43,10,2,12
4,0,64,291,10,10,0,3,9,1,65,9,0,773
4,0,87,544,13,6,29,10,5,8,66,9,1,93
5,0,96,684,100,66,0,6,10,2,57,9,1,822
3,0,1,1,12,14,7,7,3,13,32,9,0,9
5,0,54,35,0,0,10,1,2,5,60,8,1,4
3,0,53,87,3,2,13,3,4,7,47,9,0,28
3,0,96,309,3,3,20,5,7,7,65,9,1,28
3,0,58,172,73,78,34,2,10,1,67,9,0,188
3,0,12,625,38,34,76,9,11,4,50,9,1,292
3,0,78,972,59,19,59,5,6,13,53,9,1,938
3,1,64,157,6,13,75,4,5,7,50,10,0,45
3,1,26,48,9,15,20,2,4,10,47,9,1,48
3,0,8,279,83,14,34,4,10,3,57,9,0,120
5,1,49,132,0,0,4,3,4,9,49,10,0,16
5,0,56,919,0,30,45,4,10,19,31,9,0,604
3,0,55,62,0,1,26,2,2,7,49,9,0,25
1,1,25,1,45,6,42,3,3,17,36,10,0,7
3,1,50,2,6,1,9,1,2,8,49,9,0,7
2,0,84,408,61,122,41,5,9,4,65,9,1,157
3,1,30,51,1,1,25,2,2,8,41,9,1,9
5,1,81,62,1,2,6,2,4,5,54,9,0,19
5,0,74,952,12,12,12,5,9,3,63,9,0,227
5,0,76,618,15,7,45,11,8,6,67,9,1,126
3,1,36,11,7,2,27,7,2,15,36,10,2,14
4,0,64,318,3,7,56,6,8,4,47,9,0,21
4,1,62,56,0,0,2,3,3,7,62,8,0,14
3,1,53,110,5,1,7,5,4,8,41,9,0,66
5,1,86,23,0,1,3,1,3,5,36,9,0,13
3,0,15,27,5,3,12,3,4,4,44,8,0,16
3,1,67,18,3,3,6,7,3,16,39,9,0,22
5,1,47,18,0,1,11,1,3,6,46,8,0,9
3,1,47,303,0,147,15,10,11,6,51,8,0,340
4,0,81,97,1,0,11,2,4,3,61,8,0,21
3,0,98,997,15,30,76,5,12,11,50,9,3,513
3,1,56,5,4,0,4,6,3,8,33,9,0,21
3,1,48,95,11,4,7,2,5,6,60,9,0,35
1,1,18,1,6,6,3,1,3,17,38,8,0,5
5,2,74,46,1,0,9,2,3,4,45,9,0,15
3,0,68,411,106,115,66,5,7,1,60,8,1,201
4,0,36,244,51,0,45,1,5,1,70,8,0,371
5,1,90,152,9,12,45,6,4,8,44,10,0,133
3,0,65,1,1,1,1,2,0,11,51,8,0,4
1,1,63,10,17,26,40,8,2,10,30,10,0,26
3,1,82,12,0,0,4,0,2,9,44,9,0,5
5,1,63,5,0,0,1,3,2,14,49,8,0,4
3,0,55,790,19,0,19,8,13,8,47,8,1,145
5,0,64,882,29,29,44,4,6,3,57,9,3,552
3,0,51,615,28,48,30,6,13,4,70,9,1,271
5,0,97,1004,59,59,27,11,11,6,55,9,2,380
3,0,92,133,27,195,71,7,5,12,50,9,0,434
3,0,51,595,23,23,154,8,4,6,59,9,0,133
5,1,72,293,0,11,23,9,5,7,42,10,1,91
2,0,39,313,15,0,192,7,3,6,57,10,1,67
3,0,49,151,81,91,64,4,11,2,47,8,0,254
3,1,21,15,0,0,6,3,2,7,46,8,1,2
3,0,91,736,63,189,126,4,11,2,53,9,2,1165
5,1,37,15,0,2,20,1,2,5,49,8,1,12
5,0,98,982,17,34,51,11,8,16,39,9,2,695
4,0,85,1142,51,69,37,12,11,10,40,9,2,505
3,1,40,28,0,0,9,2,3,8,52,9,0,11
3,1,2,46,0,2,23,2,2,7,65,8,1,12
3,0,78,897,161,161,27,6,6,1,47,9,4,616
5,1,41,489,6,6,132,9,6,8,49,10,1,160
3,1,94,25,4,8,32,4,3,7,42,9,0,15
5,0,10,145,1,1,1,4,4,6,64,9,0,35
2,0,73,630,26,18,54,6,6,2,59,8,0,655
3,0,22,760,38,9,38,7,4,4,73,8,1,154
4,0,30,420,15,38,15,5,13,3,59,9,0,337
3,1,21,125,17,19,30,7,4,8,50,10,2,55
4,1,51,464,5,0,70,9,7,8,46,9,0,71
4,1,97,6,6,15,8,4,3,8,44,10,0,41
3,0,56,1090,12,12,60,3,11,12,51,9,1,112
4,1,4,3,2,2,10,3,2,7,47,9,1,13
3,1,77,24,0,30,10,3,3,7,48,9,0,35
3,0,95,737,21,63,210,8,9,3,44,10,1,161
3,0,36,254,6,0,27,5,7,5,47,9,0,75
3,0,13,817,185,55,241,9,8,14,39,10,2,832
2,0,90,620,54,98,119,9,10,7,51,10,3,338
5,1,49,13,4,0,1,1,3,9,55,10,0,20
4,0,18,113,61,26,47,7,7,8,71,9,0,238
1,0,89,7,23,49,144,4,5,7,61,10,0,211
3,1,43,16,2,1,5,1,3,15,42,9,0,20
5,0,82,462,0,0,4,9,5,11,50,10,2,30
2,1,84,22,2,4,34,1,2,10,43,9,0,16
4,0,80,968,147,42,210,5,10,12,50,9,4,979
3,0,68,283,112,72,125,9,10,12,51,10,0,202
3,0,12,1,2,0,3,1,2,7,56,9,0,11
3,1,75,14,1,1,1,4,2,9,41,9,0,9
2,1,10,30,5,3,8,4,4,15,49,8,0,30
5,1,91,4,0,1,5,3,2,7,45,9,0,5
5,1,21,52,0,0,1,1,4,4,54,8,0,9
4,0,28,62,1,11,48,2,5,2,63,8,0,76
5,1,97,20,2,0,10,4,2,9,44,9,0,17
3,0,49,545,7,21,78,7,11,5,56,9,1,151
3,0,14,558,79,175,95,4,4,1,76,8,2,829
3,1,5,6,5,4,25,2,3,6,44,10,0,17
4,1,37,39,1,0,8,3,1,1,41,9,0,11
3,0,62,1111,24,45,172,5,5,2,69,9,4,950
2,0,83,4,6,3,10,7,3,7,37,8,0,14
3,1,48,183,5,5,49,5,4,11,42,9,0,68
3,0,94,546,72,145,72,5,8,3,43,10,1,470
3,0,61,606,7,0,54,10,8,7,56,9,0,165
3,1,70,266,6,6,64,7,5,8,46,9,0,59
5,0,43,1142,29,29,14,5,12,2,57,8,2,287
3,0,23,1074,0,0,46,15,13,6,40,8,5,69
3,0,37,771,51,10,154,11,12,6,50,9,0,208
5,0,50,371,32,58,6,5,10,4,57,8,0,189
4,0,78,556,14,0,43,7,10,4,66,10,0,927
4,0,74,202,5,5,14,6,5,7,47,9,0,85
2,0,14,209,162,162,37,4,10,2,67,9,0,250
2,1,77,35,40,40,12,8,7,4,33,8,0,147
5,1,39,37,0,0,3,3,3,9,50,9,0,17
3,0,89,171,45,10,90,3,8,4,57,9,0,132
2,1,62,12,2,2,5,1,3,10,49,8,0,23
3,1,59,44,4,0,27,5,3,12,50,9,0,27
3,1,68,20,2,6,20,1,2,11,38,8,0,13
4,0,13,779,86,69,138,5,12,3,62,9,0,571
4,0,37,170,6,12,88,6,5,6,64,9,0,121
3,0,36,491,48,105,134,7,12,1,54,8,1,343
3,2,28,173,8,2,176,9,3,9,45,10,2,114
1,1,2,7,10,0,4,3,3,8,48,8,0,29
4,0,17,1205,0,14,205,6,13,7,60,9,0,254
3,0,86,10,7,3,7,3,3,7,40,8,0,31
5,1,54,97,4,1,18,5,4,11,47,9,0,50
4,0,2,67,11,3,262,6,1,20,40,9,0,30
5,0,3,345,53,75,97,8,5,4,77,9,2,626
3,1,84,6,5,24,46,4,2,7,43,8,0,20
3,1,8,73,57,15,0,8,5,9,43,10,1,171
3,0,4,711,36,96,168,7,7,4,60,9,2,389
3,0,57,774,70,187,93,4,13,1,74,9,0,300
4,1,24,163,0,126,75,6,8,7,44,10,4,480
3,0,51,82,33,30,41,5,4,5,47,9,0,125
3,0,29,358,108,97,32,7,6,13,40,9,0,554
4,0,13,66,2,3,14,3,3,20,39,8,0,44
3,0,23,13,6,3,3,1,3,6,60,9,0,7
3,1,36,139,13,13,36,12,3,9,40,10,1,98
3,0,88,274,0,6,15,5,6,6,55,8,1,25
4,0,2,262,6,10,102,5,6,5,45,10,0,61
4,1,3,1099,0,0,34,3,10,8,73,10,2,45
3,0,15,32,0,4,18,6,4,6,32,9,0,31
1,1,58,2,4,11,5,1,2,19,40,9,0,2
3,1,11,6,10,14,42,4,3,6,47,9,0,40
2,0,27,6,7,4,6,1,3,6,53,9,0,7
5,0,32,135,46,61,11,10,7,10,39,9,0,157
3,0,12,641,7,30,38,12,7,6,46,9,1,84
5,0,88,714,76,0,12,4,9,1,60,9,1,511
5,0,91,794,73,29,14,4,10,2,66,9,0,573
3,0,12,420,0,64,140,6,4,2,29,9,1,634
3,1,21,1,2,3,11,0,2,13,35,10,0,11
3,0,23,86,12,15,6,4,5,4,52,8,0,108
3,0,10,823,25,29,95,11,7,4,40,10,2,583
3,0,35,231,161,30,53,8,11,5,60,9,0,386
3,1,69,8,15,20,33,5,2,8,44,9,1,27
5,0,68,182,17,70,29,6,10,4,71,8,0,336
3,0,85,557,129,37,18,5,5,2,59,9,0,1177
4,1,34,79,1,4,12,2,4,6,41,9,0,35
3,1,55,368,24,0,88,10,6,8,44,10,0,106
1,1,10,6,4,8,22,7,2,10,30,9,1,22
3,1,30,160,15,11,50,8,7,10,48,9,0,211
2,0,36,488,21,108,28,8,11,6,72,10,0,294
2,0,14,691,7,7,23,2,7,8,45,9,1,69
4,0,79,543,10,143,82,6,6,3,64,10,1,365
3,0,52,254,7,0,26,8,5,6,46,9,0,128
3,1,97,5,4,2,7,1,3,8,49,9,0,12
4,1,24,112,19,14,5,6,4,7,44,9,0,37
3,0,0,134,11,2,30,3,5,2,59,8,0,74
3,0,96,143,6,8,17,6,5,12,47,8,0,63
2,1,89,51,4,7,1,2,4,6,52,9,0,28
4,2,94,27,0,0,3,1,3,8,47,9,0,5
5,0,98,459,0,0,4,4,7,6,62,10,1,30
5,0,72,689,8,8,88,10,11,6,53,9,0,178
3,0,1,283,10,13,27,7,4,8,52,10,0,38
3,1,26,347,0,3,7,4,8,5,47,9,0,39
3,1,5,5,13,5,31,7,2,6,37,9,2,14
4,0,22,280,0,0,24,5,6,7,41,9,1,18
4,0,39,187,5,20,14,6,6,5,42,9,0,91
4,0,56,95,14,9,38,4,3,7,62,8,0,66
2,1,74,84,10,10,28,3,4,6,56,9,0,45
3,1,87,19,4,2,6,1,3,5,54,10,0,14
2,1,49,5,1,0,4,1,2,7,53,8,0,11
3,1,24,18,3,0,4,2,3,15,49,10,0,20
3,0,9,992,24,19,119,5,5,1,74,8,2,745
5,1,17,25,1,0,3,1,3,7,50,8,0,13
2,1,10,9,1,3,2,3,3,7,46,9,0,7
3,1,35,19,1,0,2,3,3,8,42,10,0,19
3,0,56,709,93,80,80,8,6,3,43,8,0,478
4,1,7,158,0,7,71,4,3,9,50,9,0,89
3,1,51,10,14,2,36,2,4,4,49,9,0,33
5,1,17,25,1,0,3,1,3,7,50,8,0,13
2,1,30,8,4,4,29,3,2,14,47,10,0,27
5,1,21,14,0,0,0,2,3,5,50,8,0,6
4,0,2,622,7,0,15,6,12,5,66,9,0,145
3,1,85,11,0,0,1,3,2,6,48,8,0,3
3,1,65,25,3,5,2,2,3,6,50,8,0,24
4,0,64,635,15,7,131,11,9,6,54,9,0,120
5,1,11,100,64,0,109,6,4,8,43,10,0,144
3,1,92,201,2,5,35,5,5,6,51,10,0,46
3,0,54,642,14,7,57,9,9,15,50,8,0,49
3,0,4,97,1,2,41,4,3,7,64,8,0,47
3,0,53,204,5,0,89,5,4,8,55,10,1,56
4,1,39,513,7,14,14,8,8,8,42,10,0,179
5,1,49,88,3,1,29,3,4,9,45,10,0,25
4,0,70,172,12,0,15,6,5,7,61,9,0,120
4,0,40,329,35,35,43,7,8,4,69,9,0,352
3,0,40,296,13,13,17,4,9,3,72,10,0,115
5,1,43,100,2,1,31,3,2,9,59,10,1,18
5,0,17,422,7,46,15,9,12,7,45,10,0,307
3,1,40,1218,16,0,80,7,6,6,50,9,4,376
4,1,84,5,1,1,4,3,2,7,53,8,0,9
3,0,25,507,93,40,26,5,5,1,78,8,2,762
3,1,62,52,12,36,55,5,3,13,32,9,0,54
3,1,83,191,56,8,100,4,8,4,43,9,0,190
1,0,47,2,23,6,46,2,2,8,46,9,0,19
3,0,45,68,28,30,41,2,5,2,69,8,0,55
3,2,34,20,4,4,17,2,3,6,50,8,0,16
3,1,3,20,3,4,1,4,4,7,49,8,0,16
5,2,1,7,0,0,0,3,2,6,50,8,0,1
2,0,18,279,172,8,246,2,10,14,50,9,0,112
3,0,45,977,12,12,101,4,12,8,56,10,1,269
5,0,81,30,1,0,3,3,3,12,53,8,0,8
3,0,77,6,1,4,19,1,2,8,53,10,0,30
3,1,23,3,18,8,12,2,4,7,42,9,0,37
5,1,48,14,0,0,7,1,2,8,48,9,0,2
5,1,61,10,1,0,1,3,2,13,50,9,0,7
2,1,60,7,10,6,13,2,3,7,59,8,0,25
3,0,75,33,87,16,74,8,6,7,50,9,0,239
4,1,64,12,0,0,10,6,3,7,39,9,0,15
2,1,54,2,3,2,10,1,3,6,49,8,0,21
3,0,84,693,21,147,42,11,11,2,37,9,2,228
3,1,75,9,3,3,2,2,3,13,49,9,0,17
3,1,16,129,26,67,2,6,5,7,45,9,0,70
2,1,79,16,2,0,16,1,2,7,43,9,1,14
3,1,92,201,2,5,35,5,5,6,51,10,0,46
2,0,16,5,4,2,10,5,2,19,36,9,0,9
3,0,96,14,36,26,35,1,4,2,53,8,0,14
3,1,30,29,12,1,36,8,4,8,39,9,0,78
3,1,60,26,2,5,8,2,3,8,60,9,0,29
4,1,11,9,1,2,3,1,2,6,63,9,0,7
3,1,75,14,0,5,19,3,3,9,43,10,1,27
4,0,36,972,19,26,138,3,10,3,74,10,2,775
3,0,71,966,168,105,126,7,10,4,76,9,2,918
3,0,88,99,27,48,6,2,8,1,64,9,0,130
2,0,93,482,35,160,17,4,9,2,51,10,0,625
3,0,93,714,8,0,47,10,5,8,65,10,1,110
5,0,54,587,54,54,130,9,8,17,40,9,0,419
2,0,41,399,27,8,39,4,5,7,49,8,0,217
3,1,46,56,10,7,25,3,4,10,50,9,0,111
3,0,28,227,151,54,31,3,9,1,57,8,0,671
3,0,40,703,102,58,43,3,8,1,69,9,1,601
5,1,82,37,0,0,3,2,3,7,45,9,0,17
5,0,38,167,13,13,70,7,5,8,47,10,0,266
3,0,3,458,81,50,40,6,7,10,53,8,0,462
3,0,87,91,3,1,31,6,4,8,41,10,1,54
3,1,49,15,8,5,22,4,4,6,50,9,0,27
3,0,16,1302,68,114,45,6,12,15,52,8,4,820
5,0,65,153,64,64,14,5,9,6,48,10,1,239
4,0,9,508,5,5,10,7,7,5,67,8,1,28
3,0,24,290,59,5,29,4,8,3,63,9,0,254
5,1,25,38,0,0,6,1,3,7,62,8,2,2
3,1,43,2,13,5,11,3,3,7,44,8,0,13
4,1,10,30,0,0,5,1,3,15,36,9,0,12
4,0,29,386,23,41,196,2,5,2,59,9,0,149
3,0,45,443,10,10,48,8,8,8,69,9,0,75
3,0,57,901,31,31,191,4,11,1,70,9,1,420
5,1,20,9,0,0,1,0,3,3,67,8,0,3
3,0,29,846,84,56,42,9,8,5,52,9,0,443
2,1,82,8,3,4,22,1,3,8,42,9,0,28
3,1,68,72,7,1,24,4,3,10,45,9,0,71
3,0,65,29,0,1,5,1,3,5,46,9,0,5
5,0,99,169,24,0,144,8,4,7,53,10,3,741
3,0,9,460,35,12,153,6,7,4,64,10,0,455
3,0,20,69,8,7,12,3,4,7,58,9,0,38
4,0,78,556,14,0,43,7,10,4,66,10,0,927
5,0,26,73,0,1,0,4,3,15,42,9,0,13
4,0,68,112,1,7,36,8,4,10,35,9,0,61
5,0,79,944,0,0,30,7,13,5,61,8,1,60
3,0,25,265,199,9,170,12,12,11,43,9,0,537
3,0,83,526,28,21,99,5,12,5,62,10,0,145
2,1,32,2,3,5,7,1,3,8,41,9,0,15
3,1,49,2,4,5,16,3,3,7,42,9,0,19
2,0,50,378,97,194,34,7,6,4,46,10,0,456
4,0,84,553,25,67,8,6,13,13,46,9,0,207
4,0,96,751,127,15,31,4,4,2,52,8,0,707
5,2,56,406,0,0,8,8,5,7,71,8,1,30
3,0,85,1449,89,35,107,11,8,6,67,9,1,230
4,1,63,123,17,0,30,8,5,10,50,9,0,210
5,1,17,267,42,42,21,7,9,5,51,9,1,364
5,1,11,209,0,2,15,6,4,8,62,9,0,43
3,0,62,1259,172,148,33,7,10,20,34,9,4,912
3,1,48,344,35,23,17,7,9,6,44,9,0,193
3,1,86,22,3,5,15,2,4,18,32,9,0,30
3,0,73,247,161,85,47,4,13,2,63,8,0,505
3,1,36,38,0,1,1,2,3,14,45,9,0,15
5,0,34,896,10,10,34,6,9,9,53,10,2,114
3,0,16,931,56,98,14,9,7,5,63,10,0,344
3,0,48,758,12,89,89,9,13,14,34,9,0,418
4,1,61,216,9,9,125,4,5,9,47,9,0,77
2,1,54,2,3,2,10,1,3,15,49,8,0,21
3,1,56,244,15,15,50,7,6,8,45,10,1,112
4,1,74,539,6,6,97,8,9,9,49,10,0,99
5,0,35,1181,26,13,39,5,5,8,67,10,2,137
4,0,65,750,8,8,26,4,6,2,48,8,1,136
4,1,48,306,5,109,92,7,10,6,50,9,0,130
2,0,88,350,104,151,57,13,5,8,47,10,1,386
5,0,19,331,197,152,35,2,13,13,51,9,0,228
3,0,21,620,16,24,82,5,12,5,64,9,0,165
3,0,27,434,137,137,45,3,10,1,34,8,0,445
4,1,86,57,0,0,36,3,2,11,47,10,0,27
3,0,92,811,76,137,107,10,9,7,57,10,0,527
3,0,1,423,42,197,197,4,9,19,36,8,0,779
2,0,14,2,12,13,30,5,2,8,45,9,1,16
3,1,74,60,51,20,51,4,4,5,42,8,0,93
3,0,84,675,0,7,77,10,8,8,60,10,0,95
3,1,4,30,8,8,12,2,4,15,44,9,0,20
4,1,50,40,1,3,18,3,3,8,50,9,0,44
3,1,2,3,17,1,39,2,3,11,42,10,1,46
5,0,73,910,111,74,55,15,6,20,39,9,1,773
3,0,21,252,98,70,196,4,12,3,51,9,0,1046
3,1,82,34,6,4,8,2,3,6,46,8,0,32
5,1,14,19,3,1,3,2,3,13,49,8,0,22
3,1,56,2,1,0,1,2,0,14,49,9,0,1
3,1,20,490,0,28,21,7,9,7,46,10,0,194
5,0,54,332,194,125,57,4,7,1,74,8,0,526
3,1,77,53,8,0,21,2,2,7,54,10,0,30
5,0,5,784,48,176,48,9,4,10,35,8,3,602
3,0,65,7,11,4,20,1,3,5,52,9,0,13
2,0,33,1171,43,14,47,6,13,8,47,10,1,238
2,1,65,215,7,0,13,5,5,7,54,9,1,36
5,0,41,674,62,26,8,7,13,15,47,8,0,134
4,1,86,57,0,0,36,3,2,8,47,10,1,27
2,1,92,5,36,10,45,3,3,8,34,10,0,7
2,1,97,104,20,15,5,5,5,9,34,10,0,125
3,1,91,9,0,0,4,6,2,8,33,9,0,9
5,0,0,431,82,20,102,3,6,1,63,9,1,521
5,0,59,1000,0,0,10,3,9,8,51,10,1,76
4,1,4,448,40,0,91,11,12,7,55,9,0,549
3,1,5,33,4,2,5,3,4,7,33,8,0,28
4,1,48,505,72,27,54,9,12,5,61,9,0,306
3,0,99,267,38,165,63,7,10,13,44,10,0,850
5,1,81,14,0,0,1,0,3,5,59,9,0,3
3,0,95,631,0,7,30,9,10,7,58,10,0,125
4,1,43,65,4,4,11,3,3,20,36,9,0,16
2,0,5,10,12,1,20,7,3,16,35,9,0,37
3,0,50,51,4,1,49,4,3,8,49,10,1,62
3,0,76,293,35,59,65,8,7,7,65,9,0,225
2,1,46,11,1,1,6,0,3,6,47,9,0,4
4,0,68,50,1,7,1,1,4,1,61,9,0,33
2,0,33,173,26,71,81,4,7,1,52,8,0,290
3,0,50,423,184,97,21,6,6,5,66,10,0,381
3,0,85,292,30,33,200,4,4,2,55,8,1,478
3,0,63,757,80,80,11,9,12,7,48,10,0,246
4,1,89,12,1,1,5,1,3,7,45,9,0,6
4,1,81,167,2,2,19,4,4,8,50,10,2,50
3,1,77,3,1,0,5,3,2,7,46,9,0,11
3,2,50,30,5,9,28,2,4,6,51,9,0,30
5,0,10,532,88,44,133,7,13,5,46,9,0,237
3,1,30,29,12,1,36,8,4,14,39,9,0,78
4,0,66,411,0,0,21,7,7,8,46,9,0,26
3,1,16,5,3,1,0,6,2,8,34,10,0,8
3,0,12,71,99,121,38,5,5,1,63,8,0,463
3,1,30,46,0,0,3,8,3,8,37,8,0,43
3,0,8,268,11,3,22,6,5,5,60,9,0,103
4,0,93,928,63,12,12,5,10,4,58,10,1,254
3,0,14,459,15,23,31,5,12,2,68,8,0,313
5,1,53,483,0,6,36,11,6,9,62,10,1,108
5,1,26,733,9,19,66,6,5,4,55,9,0,192
5,0,23,1006,22,68,45,7,12,3,76,10,3,174
3,1,92,34,1,0,5,2,3,8,58,10,0,14
4,0,29,1156,120,144,96,8,10,1,31,8,2,1009
4,1,41,7,4,0,11,1,3,12,36,9,0,30
3,1,56,244,15,15,50,7,6,8,45,10,1,112
5,0,19,233,0,0,12,5,5,8,52,9,0,23
3,2,4,35,3,8,24,3,3,6,40,8,1,77
5,0,89,1252,0,35,0,4,8,1,75,8,2,511
3,0,71,34,4,10,20,7,4,13,30,9,0,69
4,0,81,255,43,14,24,7,7,7,46,9,0,171
3,2,31,8,1,0,1,1,2,6,61,8,0,5
4,0,53,368,32,43,10,4,5,1,75,9,0,652
3,0,78,255,47,32,15,5,6,1,72,9,0,625
4,0,80,33,8,10,3,2,3,4,51,8,0,12
3,0,18,163,23,65,76,3,13,1,35,8,1,451
5,1,37,15,0,2,20,1,2,5,49,8,2,12
4,1,52,45,12,22,13,3,4,7,60,10,1,77
3,0,39,48,58,66,43,3,6,2,52,8,0,84
3,1,11,158,6,2,2,3,5,8,42,9,0,53
3,0,33,754,160,32,48,7,12,3,35,9,1,688
5,0,22,108,1,1,4,3,4,8,50,10,0,41
3,0,83,199,66,174,41,4,5,2,67,9,0,412
1,1,43,2,7,15,27,7,2,9,34,10,1,7
4,0,74,202,5,5,14,6,5,7,47,9,0,85
5,0,54,85,0,0,7,2,4,3,55,8,0,3
5,0,3,322,3,3,42,7,6,8,49,10,1,54
4,1,96,18,2,2,6,3,4,7,57,8,0,19
3,1,68,141,8,11,47,12,4,15,38,9,1,132
3,1,2,739,107,80,35,4,13,6,51,10,0,449
5,1,40,18,0,3,5,1,3,2,47,8,0,9
4,0,64,378,0,4,73,8,3,7,47,9,0,107
4,0,26,1083,108,151,108,4,12,2,66,10,1,902
4,0,69,1016,12,12,63,4,10,3,67,9,1,231
3,1,57,23,1,0,2,1,3,4,52,9,0,6
3,1,78,12,1,2,3,2,3,7,56,8,0,23
5,1,71,35,0,0,0,2,2,8,49,9,0,4
3,0,59,548,31,112,28,7,11,9,45,9,0,422
2,1,28,342,32,32,40,10,4,15,32,9,1,264
4,0,61,365,3,3,11,7,5,6,49,8,0,19
5,0,22,397,19,0,9,4,8,2,53,8,0,81
3,0,95,456,19,118,38,4,11,18,34,10,0,907
2,0,38,5,6,7,13,2,3,9,44,10,0,26
3,0,19,836,185,25,77,11,9,12,32,9,2,599
3,1,92,100,2,7,10,7,5,8,47,9,0,151
3,1,24,10,0,1,7,3,2,8,45,9,1,13
3,1,21,238,115,69,76,5,13,18,38,9,0,384
3,1,35,6,0,1,2,6,2,7,39,9,0,7
3,1,9,158,11,11,17,8,7,19,35,8,0,114
3,0,23,86,12,15,6,4,5,4,52,8,0,108
4,0,92,856,0,9,199,9,9,8,66,10,0,88
5,0,55,98,1,1,5,3,4,7,47,9,1,17
3,1,14,4,16,17,20,2,4,8,41,9,0,20
2,0,78,398,96,96,32,10,6,3,40,10,0,667
3,1,64,313,8,4,126,8,6,9,53,9,0,110
3,1,49,109,18,26,18,3,5,4,49,9,0,40
5,0,8,216,2,0,9,5,4,7,65,8,0,6
5,0,35,595,71,112,41,3,10,13,51,10,0,273
5,0,11,123,133,44,88,6,8,6,59,9,0,213
3,1,8,16,0,2,10,9,2,15,40,8,1,26
2,1,53,11,12,5,12,3,3,13,46,9,0,38
5,0,36,410,112,82,71,9,13,4,75,9,0,420
5,1,64,159,2,2,24,6,5,12,43,9,0,57
5,1,43,105,0,1,0,2,4,5,58,8,0,10
3,1,40,5,1,0,1,1,2,8,44,9,0,8
5,0,52,269,15,19,38,4,4,5,74,9,0,84
5,0,11,629,0,0,35,11,7,8,67,9,0,70
3,0,21,443,5,16,82,8,7,7,68,9,0,92
3,0,23,217,77,23,93,3,12,1,77,9,0,484
3,1,17,24,1,0,4,2,3,5,53,8,0,12
4,1,6,9,1,5,7,1,3,7,46,9,0,9
4,1,56,8,0,3,7,1,3,5,53,8,0,16
5,0,71,1459,0,15,215,2,6,5,58,9,4,61
3,1,51,230,48,32,75,11,7,9,41,10,0,227
1,1,94,1,3,0,9,3,3,11,43,9,0,16
2,1,27,340,21,14,56,7,8,12,41,8,0,392
4,0,1,7,1,3,3,0,3,4,52,9,0,6
4,0,56,298,7,0,19,8,6,6,48,9,0,72
3,0,71,479,35,7,85,5,12,2,41,8,1,207
3,0,18,267,140,12,127,7,7,6,55,9,1,633
5,1,48,67,4,2,16,2,4,4,67,8,0,49
3,1,86,3,1,2,18,7,3,3,40,8,0,31
3,0,48,980,37,163,31,3,12,6,61,10,1,300
3,1,2,50,4,3,26,3,2,9,49,10,1,34
3,0,13,1,0,1,1,0,0,12,45,9,0,1727
5,0,57,19,0,0,8,1,3,6,65,9,0,5
4,1,77,30,5,1,4,2,3,7,44,8,0,27
4,0,0,213,9,3,30,5,5,7,58,9,0,80
5,0,57,539,30,46,38,5,13,3,68,8,0,172
2,0,24,284,16,16,134,7,6,11,50,9,0,244
3,0,55,1003,34,51,34,4,6,15,41,8,3,670
5,1,62,239,13,4,52,6,7,6,54,9,0,188
3,2,89,51,23,0,42,7,3,9,44,9,0,115
3,0,77,527,24,24,65,6,12,4,46,8,0,262
3,1,45,19,5,3,19,3,2,6,51,8,0,22
5,0,46,40,2,0,6,1,3,14,33,9,0,23
2,1,80,21,8,3,9,2,3,20,37,9,0,35
5,0,60,593,30,22,7,6,12,4,55,9,0,120
5,1,71,21,5,1,7,1,4,2,53,9,0,13
5,1,43,1181,107,30,30,7,13,8,52,9,0,238
5,0,97,1004,59,59,27,11,11,6,55,9,2,380
5,0,49,202,2,2,10,4,5,7,37,9,3,49
3,0,66,446,107,196,53,5,6,2,71,9,0,801
4,0,20,1184,102,40,40,12,10,19,36,9,2,725
2,0,54,390,22,35,107,6,6,3,67,9,1,427
3,0,61,726,53,107,161,10,13,5,52,10,0,486
2,0,18,8,8,11,9,6,4,14,31,10,0,46
3,1,45,50,15,15,15,5,4,8,47,9,0,149
1,1,26,1,1,9,10,1,3,9,43,9,0,15
5,1,0,308,0,0,23,5,8,7,46,9,0,73
3,1,28,22,2,4,5,2,3,7,42,8,0,38
3,0,49,690,117,102,88,7,7,7,44,9,1,575
3,1,84,43,5,6,33,5,3,5,51,8,0,35
5,1,38,27,0,0,4,2,4,5,57,10,0,10
5,1,53,6,0,0,1,5,3,13,39,8,0,3
3,0,88,205,7,2,46,4,5,5,60,9,0,44
3,1,99,24,0,1,4,3,3,5,53,8,0,8
4,0,12,667,50,83,83,4,5,2,42,10,1,871
3,0,35,691,7,0,46,10,7,8,54,9,3,71
3,0,5,493,26,80,80,8,12,6,51,9,0,322
3,0,77,493,70,40,84,8,11,16,33,9,0,470
3,0,45,494,5,0,100,7,9,7,71,9,0,89
4,0,71,621,73,48,85,13,6,14,35,9,0,492
5,1,40,9,0,0,7,1,2,8,37,9,0,5
2,1,82,1,6,2,12,3,2,12,41,10,0,10
3,0,70,12,4,6,14,2,3,8,32,10,0,31
3,0,87,243,131,6,26,3,13,2,70,9,0,302
2,1,95,11,1,0,7,1,2,7,41,10,0,6
5,0,72,532,21,20,20,4,5,20,39,9,1,153
5,1,5,29,0,0,1,1,3,7,55,10,0,2
4,0,86,612,91,107,107,9,8,5,71,8,0,778
3,0,80,387,126,45,180,8,11,10,46,10,0,342
4,1,62,56,0,0,2,3,3,7,62,8,0,14
3,1,49,6,8,4,4,8,4,11,33,9,0,35
5,0,85,582,0,0,13,8,9,8,49,8,0,65
1,1,7,6,17,16,42,3,3,8,49,10,1,22
5,1,6,70,6,3,3,8,4,7,38,9,0,71
4,0,25,962,12,24,12,7,13,6,66,10,1,210
3,0,55,112,10,0,20,5,4,7,47,10,0,137
3,1,81,293,0,97,52,7,10,10,44,8,0,303
5,0,98,199,12,12,7,3,5,3,49,8,0,34
3,0,31,1060,61,20,101,9,10,17,36,8,5,915
4,0,30,940,44,88,58,8,7,4,63,9,4,396
3,0,98,44,2,3,7,3,4,12,44,9,0,13
3,0,92,342,51,35,26,5,12,3,56,10,1,1143
1,1,41,2,10,9,20,8,3,6,30,8,0,23
3,1,68,75,12,39,187,11,5,8,38,10,0,184
3,0,78,520,20,81,40,6,6,5,66,9,0,406
3,1,46,5,3,2,6,2,3,15,45,8,0,15
3,1,71,87,5,12,29,4,4,7,48,9,0,78
5,0,6,462,61,53,107,7,9,6,46,10,2,194
3,1,82,2,2,1,2,3,2,8,43,9,0,4
5,0,71,979,44,25,22,12,12,14,39,9,4,964
3,0,32,704,129,74,111,5,7,19,31,9,4,973
5,0,28,861,31,95,79,6,13,2,60,8,1,620
5,1,20,172,3,0,18,11,5,8,40,8,1,131
4,1,10,5,7,4,7,2,3,6,43,8,1,46
3,1,7,194,2,0,0,4,6,8,57,10,1,56
1,0,67,9,7,2,20,1,2,6,47,9,0,16
4,1,48,505,72,27,54,9,12,5,61,9,0,306
3,0,61,533,10,174,195,7,13,4,71,9,0,415
5,1,36,48,0,0,6,2,3,6,53,8,0,14
3,0,77,6,1,4,19,1,2,8,53,10,0,30
3,1,90,18,2,0,25,1,2,7,57,9,1,10
3,0,35,482,147,107,107,3,12,1,56,8,1,613
2,0,38,204,97,118,26,5,10,4,64,9,0,118
3,0,46,1073,0,14,14,7,5,5,68,9,0,403
3,1,33,245,16,43,16,8,8,6,55,8,0,244
3,0,70,560,21,44,29,4,13,1,59,9,1,471
3,0,51,173,13,3,6,6,6,7,58,8,1,163
5,1,18,22,1,5,3,3,3,8,41,9,0,11
3,0,97,136,1,3,32,4,3,6,53,8,1,12
3,1,32,275,0,23,66,6,5,8,39,9,0,96
5,0,9,56,19,14,25,3,3,8,72,8,1,31
3,0,6,303,23,26,191,6,13,4,75,9,1,833
5,0,80,708,7,0,15,13,7,8,53,9,0,62
3,0,74,324,132,118,88,4,7,2,70,10,0,720
1,0,49,1,5,4,8,1,2,7,65,10,0,10
4,0,21,620,26,17,141,6,13,2,76,9,0,229
3,0,95,312,21,92,149,7,10,13,53,9,0,308
5,0,56,1493,86,43,43,4,5,2,73,9,3,566
5,0,48,918,21,10,21,8,5,6,61,10,2,131
3,0,26,98,0,10,106,5,5,6,48,10,0,155
2,1,3,3,4,8,11,1,3,7,42,8,0,22
5,0,39,380,0,0,34,7,7,8,73,9,2,53
3,1,33,15,0,3,7,4,3,7,41,10,0,19
1,1,42,3,9,8,7,1,4,14,43,9,0,11
3,1,80,24,2,8,24,2,3,15,44,9,0,23
4,1,9,80,1,6,16,7,2,9,41,9,1,64
5,1,52,31,0,1,5,1,4,4,62,8,0,8
3,1,78,138,120,126,60,7,7,5,50,9,0,220
2,0,68,166,75,107,59,7,8,4,58,9,0,215
2,1,45,12,3,0,17,4,3,7,43,9,0,16
3,0,47,178,3,66,58,3,8,2,47,9,0,156
3,0,34,707,20,60,50,9,9,5,45,9,0,236
2,1,81,5,1,14,11,7,3,10,36,9,0,24
3,0,72,465,71,35,62,9,12,6,66,9,0,343
5,1,23,16,1,0,1,1,3,5,42,8,0,2
3,0,29,358,108,97,32,7,6,1,40,9,0,554
1,0,80,1,9,14,10,2,3,6,56,8,0,9
4,0,30,123,1,0,72,5,3,7,47,9,1,28
5,1,15,40,3,7,11,5,3,7,48,10,1,40
5,0,86,102,9,9,24,4,4,6,66,9,0,65
3,0,68,347,44,0,26,3,12,10,37,10,0,551
5,0,54,376,53,53,53,2,7,0,70,9,0,630
3,0,44,21,0,0,0,1,3,6,55,8,0,3
3,1,7,194,2,0,0,4,6,8,57,10,1,56
3,1,87,64,4,5,17,8,4,8,37,10,0,75
5,0,59,206,0,2,12,5,5,8,45,10,0,49
5,1,16,71,0,0,13,3,2,7,49,9,0,18
2,0,1,71,22,89,29,2,13,17,38,9,0,250
1,1,64,0,4,10,15,4,3,6,43,10,0,18
5,1,72,93,1,4,25,4,4,5,46,8,0,21
3,0,98,920,138,46,30,11,10,6,54,10,0,204
3,0,91,653,17,26,17,11,10,7,63,9,0,204
3,1,8,199,33,3,15,7,5,8,41,9,1,68
3,1,20,153,4,9,31,5,4,8,45,10,0,56
3,0,6,376,0,8,69,6,6,12,49,10,0,49
3,1,54,46,0,1,30,7,4,6,39,9,0,42
2,1,72,600,21,150,128,2,12,8,43,10,0,351
3,0,46,425,115,35,79,6,11,15,43,9,0,315
3,1,11,18,6,8,17,2,3,5,62,9,0,27
5,1,21,52,0,0,1,1,4,4,54,8,0,9
2,0,89,734,22,25,100,3,13,1,60,9,1,501
3,1,82,34,6,4,8,2,3,11,46,8,0,32
3,1,69,135,1,1,67,3,3,6,60,9,1,51
4,1,55,11,0,2,20,1,2,6,52,9,0,10
3,0,13,163,48,45,52,3,8,3,67,9,0,90
4,1,80,29,3,2,9,3,3,11,45,8,0,33
3,0,97,734,26,44,17,6,4,4,53,8,1,81
2,1,27,340,21,14,56,9,8,9,41,8,0,392
3,0,99,453,38,38,183,9,10,3,46,8,0,467
3,0,87,1073,0,37,37,12,13,6,48,10,1,774
4,1,85,135,0,4,36,3,4,5,61,9,0,10
3,1,30,231,7,15,39,5,8,7,46,9,1,141
3,1,82,18,0,0,11,1,2,7,66,8,1,5
3,0,21,620,16,24,82,5,12,5,64,9,0,165
5,0,92,81,4,2,291,23,1,0,56,9,0,38
3,1,95,12,4,6,10,2,4,5,48,9,0,12
3,0,2,292,51,23,17,4,6,1,61,8,1,1205
5,0,74,965,34,86,37,5,8,3,48,10,1,675
3,1,49,27,2,0,1,1,3,8,46,10,0,10
5,0,71,777,30,51,122,4,7,9,59,10,0,163
4,0,72,572,8,62,17,6,6,14,53,8,1,255
3,0,68,438,169,169,70,7,6,7,30,9,1,656
3,0,4,531,69,138,150,5,8,2,68,9,0,450
5,1,80,17,0,0,1,6,3,16,39,9,0,9
2,0,15,402,35,77,42,14,9,17,40,9,1,207
3,0,70,503,27,139,153,5,9,7,71,9,1,509
3,0,91,369,9,14,34,6,8,5,66,9,0,99
5,1,10,5,0,0,1,1,2,7,56,8,0,3
3,0,99,362,17,35,61,5,5,4,55,8,1,478
4,1,25,56,0,0,3,2,3,12,41,9,0,9
4,1,34,79,1,4,12,4,4,6,41,9,0,35
3,0,57,387,84,35,162,4,12,8,54,9,0,214
2,0,84,367,17,188,232,9,9,7,44,10,0,345
3,1,51,15,0,2,9,1,2,8,43,9,0,11
5,0,97,267,6,3,50,5,6,5,57,9,0,62
3,0,13,298,27,24,166,9,5,13,36,9,1,913
4,0,92,674,92,0,92,3,9,1,64,9,0,775
4,1,30,16,14,22,48,6,2,14,47,9,1,73
3,1,30,37,4,9,9,4,3,9,35,9,0,40
3,0,11,159,0,1,31,4,4,7,53,9,0,24
5,0,72,686,17,26,35,6,13,6,60,9,0,165
3,1,39,97,3,7,34,6,4,9,48,8,0,78
3,1,0,63,6,13,22,4,5,4,45,9,1,70
3,1,15,56,5,0,3,4,3,11,44,10,0,28
5,0,12,209,19,142,66,2,13,9,52,9,0,616
3,0,56,198,2,12,20,4,6,6,65,9,1,43
2,0,39,313,15,0,192,7,3,6,57,10,0,67
5,0,55,941,14,58,176,8,9,6,68,10,1,473
5,1,60,86,4,4,7,9,4,10,40,9,0,58
4,0,73,167,48,72,72,3,4,2,69,9,4,665
4,1,90,8,3,2,3,2,3,12,54,8,0,19
4,0,86,389,66,57,85,4,6,2,65,9,0,445
4,1,37,239,7,15,11,6,6,7,47,9,0,123
5,0,7,179,21,21,63,6,6,5,47,10,4,273
5,1,29,5,0,1,1,0,0,19,54,8,0,2
3,0,19,2,6,4,16,7,3,17,32,9,0,41
5,0,14,383,0,4,40,8,6,6,51,8,0,59
3,1,72,2,8,1,9,1,3,8,34,8,0,14
2,0,56,536,27,107,67,10,12,6,27,10,3,628
3,1,85,2,1,1,2,3,2,8,47,9,0,7
5,0,62,322,53,40,53,4,10,2,44,10,0,933
3,0,1,539,169,0,30,4,4,3,61,9,1,836
5,0,28,712,50,38,38,8,7,4,38,9,1,485
4,0,70,1121,0,12,12,12,10,6,51,9,2,72
4,2,84,68,1,5,13,2,4,6,61,10,0,16
4,0,89,36,4,2,18,2,4,7,46,9,0,24
5,0,73,707,44,58,29,4,12,1,50,9,0,698
3,1,42,174,77,24,97,8,7,17,37,10,0,209
5,0,16,666,35,8,26,5,5,3,56,10,0,193
2,0,16,0,0,2,6,3,2,6,47,9,0,6
3,0,56,162,50,30,27,4,8,4,43,9,0,155
3,1,65,407,70,88,53,5,4,2,41,9,0,342
3,0,10,823,25,29,95,6,7,18,40,10,2,583
3,1,13,488,23,0,59,8,7,14,49,10,2,86
4,1,78,28,0,2,8,4,3,5,44,9,0,17
3,1,51,3,2,0,2,6,3,19,38,8,0,13
4,1,27,284,0,3,20,11,4,10,41,10,0,60
2,0,30,938,142,81,183,5,6,10,45,8,4,913
5,1,71,13,2,2,8,2,3,6,55,8,0,17
3,0,97,412,172,105,57,7,11,4,58,9,0,303
3,1,83,31,1,0,8,2,3,7,50,8,0,8
5,0,3,502,19,6,26,6,11,6,74,9,0,132
3,0,71,18,10,5,0,1,3,2,65,8,0,6
2,0,3,1,8,8,16,6,3,11,35,8,0,10
4,0,15,100,71,94,219,9,8,9,63,10,1,351
3,0,52,407,114,165,203,3,9,1,64,8,1,626
5,0,8,664,9,19,57,7,10,4,71,9,0,290
3,1,89,1045,61,46,46,7,13,8,47,9,0,398
5,0,66,1218,107,143,33,10,4,6,38,10,1,327
5,1,22,15,0,1,12,1,2,7,53,8,2,6
5,0,56,128,0,1,4,4,4,7,54,8,0,16
4,0,74,581,49,8,108,5,11,2,53,9,1,200
5,0,48,6,3,1,0,1,3,16,37,8,0,18
3,1,67,185,8,56,12,12,7,16,38,10,0,189
5,1,24,22,1,0,14,1,2,4,60,8,0,9
5,0,67,584,100,83,35,5,5,13,51,9,2,900
3,1,38,355,30,138,30,11,7,15,47,9,0,267
3,1,86,175,10,6,27,6,4,6,40,9,1,164
5,0,90,864,134,38,172,9,5,3,34,10,0,918
4,0,87,957,153,95,153,9,8,16,33,8,3,711
3,1,62,25,6,0,5,2,3,8,37,9,0,36
3,0,23,641,7,0,28,10,6,8,54,8,2,56
3,0,99,273,86,14,43,2,5,1,48,8,0,385
3,0,29,122,21,10,15,3,6,6,63,9,0,68
1,1,52,1,4,0,36,1,2,6,44,10,1,39
5,0,90,1020,31,63,79,4,4,1,68,8,1,492
5,0,9,6,2,262,3,27,0,1,72,8,0,4
5,0,71,378,14,14,14,3,8,3,72,9,0,87
5,1,13,42,1,0,4,2,3,7,48,9,0,21
3,0,16,15,5,4,11,1,3,17,39,8,0,14
4,0,94,272,7,7,11,9,6,11,35,8,0,100
3,1,77,9,1,1,2,3,3,6,41,9,0,26
3,0,20,279,0,0,9,3,8,10,54,8,1,18
3,0,51,398,61,61,53,3,6,1,68,9,0,403
5,0,81,637,47,19,76,8,7,5,51,9,0,249
3,1,71,45,0,1,6,8,3,12,36,8,0,18
3,0,36,21,1,3,5,1,3,6,53,9,0,16
4,1,95,15,4,0,19,3,2,7,42,9,1,13
2,0,32,493,183,23,28,3,13,0,62,8,0,536
3,0,32,957,40,53,107,9,5,5,52,10,1,333
4,0,85,829,138,92,15,4,13,2,51,10,0,490
3,0,93,1017,50,50,133,5,5,8,55,10,3,565
5,0,24,953,0,0,174,10,10,8,59,9,0,71
3,0,44,159,0,0,137,6,8,8,54,10,3,120
3,0,15,32,0,4,18,6,4,13,32,9,0,31
5,1,82,23,0,2,7,3,3,6,41,9,0,15
3,0,27,18,42,20,18,4,4,13,46,9,0,39
5,1,72,15,0,0,2,1,2,7,47,10,0,4
2,0,7,23,4,5,23,1,4,12,45,8,0,15
2,0,57,200,193,185,185,8,12,9,50,8,0,146
3,0,84,1324,27,108,27,7,6,4,66,10,5,190
4,0,53,1193,33,66,33,7,13,3,79,9,1,410
3,1,48,505,137,22,22,11,11,5,63,9,0,505
4,1,2,2,4,4,5,1,3,11,45,9,0,9
5,0,65,1103,0,0,34,6,11,8,53,10,2,45
3,0,45,353,61,46,27,5,7,2,52,9,0,793
3,0,42,652,48,84,108,9,6,5,65,10,1,444
4,1,29,379,6,91,91,9,7,7,47,9,0,182
5,1,83,46,4,2,1,2,4,5,48,9,0,38
5,0,93,162,31,17,69,4,7,3,75,9,0,135
4,1,40,8,3,3,8,8,3,12,40,8,0,22
4,2,47,17,3,4,18,3,2,7,54,8,0,21
3,0,50,340,108,38,100,6,9,3,71,9,0,315
2,1,40,8,4,5,3,1,3,7,47,10,0,18
5,0,3,154,22,30,8,4,9,4,66,9,1,241
5,0,62,710,15,0,0,11,8,8,73,10,1,50
4,0,25,8,2,0,1,0,3,5,58,8,0,4
3,1,48,2,2,13,4,3,4,12,49,9,0,17
5,0,56,1050,14,14,112,5,5,2,38,8,4,322
3,0,68,19,1,2,4,1,3,8,62,9,0,17
3,1,64,22,0,2,6,1,3,7,45,10,0,12
3,0,67,274,83,141,224,9,12,20,38,8,0,367
4,1,94,68,6,6,41,2,3,7,46,10,0,41
3,0,82,344,45,11,114,3,10,3,71,9,0,758
3,0,3,145,193,26,145,8,7,13,40,10,1,664
4,0,24,217,38,85,15,4,10,10,48,8,0,461
3,1,54,18,7,2,3,5,3,12,44,9,0,44
3,0,20,69,8,7,12,3,4,7,58,9,0,38
5,0,96,144,0,0,6,3,4,5,67,9,0,7
3,0,19,256,34,29,49,3,10,8,46,9,0,193
3,0,60,483,72,12,108,4,10,1,71,8,0,661
5,0,2,1285,105,21,0,10,8,8,46,10,1,681
5,0,13,338,4,8,13,4,9,4,58,9,0,100
5,0,37,605,10,54,32,1,7,0,67,8,0,429
3,1,59,8,0,1,1,3,3,6,46,8,0,10
3,0,55,172,41,6,27,5,5,7,56,10,1,131
3,0,60,448,71,17,17,11,10,12,32,9,2,991
5,1,48,67,4,2,16,2,4,4,67,8,0,49
4,0,38,512,53,179,89,8,10,5,57,9,0,179
5,0,8,1462,16,0,160,5,6,6,60,9,4,128
3,1,19,20,0,3,1,4,4,3,44,8,0,21
3,1,32,50,4,10,43,3,3,9,60,9,1,54
3,0,27,102,1,0,24,3,4,7,51,8,0,17
3,0,58,499,149,49,49,6,12,3,75,9,0,988
3,0,59,381,35,86,93,10,10,14,50,9,0,228
3,0,29,631,43,76,21,6,12,3,59,8,0,367
3,0,60,526,80,94,53,3,7,2,73,9,2,676
4,0,41,913,26,26,13,3,11,7,44,8,2,393
3,0,27,673,0,47,26,6,5,4,56,9,1,236
3,1,28,23,0,0,12,6,3,4,39,8,1,9
3,1,8,199,33,3,15,5,5,8,41,9,1,68
3,0,18,261,23,23,50,6,5,7,47,9,0,77
2,1,76,111,16,9,18,3,5,14,41,9,0,44
3,0,0,16,4,4,321,25,0,1,43,9,0,14
2,0,32,63,151,19,53,4,8,5,59,10,0,290
5,1,2,58,0,0,10,5,4,7,44,9,0,20
3,1,16,29,1,3,13,2,2,8,43,8,1,17
4,1,56,3,2,1,9,6,2,8,38,10,2,12
3,1,97,28,34,14,44,4,4,18,38,9,0,73
5,1,15,40,3,7,11,5,3,13,48,10,1,40
3,0,35,879,143,143,143,5,9,1,71,8,2,903
4,0,3,62,1,5,22,2,4,4,50,9,0,50
3,1,49,280,7,0,27,6,5,15,47,9,0,101
3,0,4,9,0,1,3,0,3,5,55,10,0,9
3,1,45,182,4,2,42,4,5,7,44,9,0,33
3,0,37,83,2,26,117,3,3,19,31,9,0,165
3,1,39,38,15,8,29,8,4,15,36,9,0,57
3,0,38,228,19,11,51,3,8,2,61,8,0,134
5,0,8,1092,37,37,55,5,8,3,59,9,2,737
4,0,89,85,15,13,21,5,4,7,41,9,0,40
4,0,47,1276,24,29,48,9,11,3,75,9,2,840
3,0,75,1017,33,100,16,5,5,5,64,8,2,525
3,1,86,6,2,1,5,1,3,8,52,9,0,11
2,0,4,448,21,101,62,9,8,10,42,8,4,177
3,0,73,504,23,28,44,6,4,12,47,10,2,296
5,0,46,226,22,31,31,6,8,4,47,10,0,174
5,1,38,239,3,7,23,7,6,8,49,9,1,141
2,0,73,90,38,36,67,4,6,3,42,8,0,100
3,1,66,7,2,2,3,1,3,6,42,9,0,11
5,1,36,4,2,0,0,1,2,6,45,9,0,7
3,1,29,16,17,21,22,3,2,8,42,10,1,39
3,0,29,10,3,0,0,0,3,3,51,8,0,3
4,1,6,68,0,0,8,4,4,7,50,9,0,16
3,0,97,35,0,0,2,2,3,8,45,9,0,15
3,0,61,575,80,93,80,8,8,5,52,10,0,636
3,0,68,315,0,0,91,5,3,8,48,9,1,35
5,0,73,182,2,13,20,3,7,2,63,9,0,66
5,0,90,561,14,14,35,8,10,5,51,8,0,123
3,0,81,587,51,34,86,5,5,3,64,9,0,1112
3,1,1,94,1,12,12,4,4,8,36,9,0,46
3,0,79,908,43,194,21,7,9,7,45,9,4,775
1,0,92,228,122,129,30,11,8,11,41,9,0,330
3,0,31,995,112,48,41,2,13,5,64,10,1,459
2,1,46,11,1,1,6,2,3,6,47,9,0,4
3,0,14,3,3,21,10,2,2,15,39,9,1,29
3,1,89,12,1,1,3,2,3,8,45,9,0,20
3,1,31,17,0,0,2,1,3,6,66,8,0,2
3,1,75,8,0,3,6,2,3,8,50,10,0,5
3,1,42,22,4,10,13,2,4,6,44,8,0,29
4,1,53,14,10,7,15,7,3,11,40,9,0,33
3,1,53,106,27,7,5,4,5,6,61,8,0,120
4,0,23,820,57,0,11,8,6,4,65,8,0,287
5,0,57,753,43,10,204,8,13,4,57,9,0,295
4,1,49,13,3,3,3,2,4,5,43,8,0,24
3,1,6,9,1,4,8,0,3,6,47,9,0,3
3,0,29,19,3,2,12,1,3,4,59,9,0,10
4,0,5,520,8,49,42,10,7,8,73,10,2,255
2,1,98,5,17,14,34,7,3,9,37,10,0,30
5,0,80,618,44,17,36,11,4,6,75,9,2,215
3,0,4,315,35,7,143,7,11,5,67,9,0,368
3,1,70,15,1,5,1,3,3,8,46,9,0,23
3,0,32,384,60,101,232,11,8,7,47,9,0,483
3,1,82,110,29,10,145,11,3,20,38,9,1,120
3,0,27,208,17,17,38,3,7,2,72,9,0,112
3,1,94,555,82,61,61,12,12,6,45,10,0,350
3,0,23,240,90,6,24,4,10,3,71,9,0,279
3,1,97,11,0,5,12,7,3,10,38,9,0,51
3,0,25,848,154,61,78,15,10,19,40,9,1,524
3,0,92,202,47,42,149,10,8,17,31,9,0,252
3,1,98,433,89,102,102,6,9,7,52,10,0,666
3,1,19,6,6,5,2,2,3,6,41,9,0,25
4,1,80,37,0,0,3,4,3,5,43,9,0,10
3,1,80,167,37,34,116,6,6,13,41,10,0,113
3,1,79,45,7,25,43,4,4,6,42,9,0,103
3,0,50,129,0,1,7,3,4,4,58,8,0,21
3,0,60,713,0,80,34,7,12,13,49,9,2,384
3,1,44,676,161,44,58,4,5,9,52,10,1,636
2,0,0,450,26,98,26,5,10,1,75,9,0,608
3,1,28,22,2,2,5,1,3,4,61,9,0,12
3,1,35,367,4,4,95,9,6,7,47,9,1,57
3,0,49,526,35,53,35,6,4,2,58,8,0,283
4,1,46,51,0,0,4,3,3,8,62,8,0,16
3,1,97,25,0,0,15,1,3,4,64,8,0,14
3,0,51,28,6,17,39,3,3,8,47,9,0,39
3,1,80,958,159,0,31,4,12,8,49,10,0,467
5,0,10,532,88,44,133,7,13,5,46,9,0,237
3,0,29,724,17,8,196,9,12,7,72,9,0,143
4,1,52,375,42,66,96,4,4,12,43,9,0,142
3,1,74,39,0,8,14,3,3,10,43,9,0,76
5,1,82,23,0,2,7,5,3,6,41,9,0,15
5,0,54,587,54,54,130,4,8,13,40,9,0,419
3,1,93,29,1,0,0,2,3,4,44,9,0,11
3,0,63,757,80,80,11,9,12,6,48,10,0,246
3,0,92,544,35,151,107,4,4,2,71,9,0,156
3,0,40,40,15,6,7,2,3,4,64,9,0,32
5,0,70,1245,33,33,16,4,4,7,70,10,0,353
3,1,96,19,1,14,28,8,4,16,38,8,0,36
3,1,81,16,3,1,11,1,3,7,43,9,0,17
3,0,63,376,4,9,24,6,8,5,73,9,0,106
3,0,85,184,178,39,33,6,10,3,66,9,0,281
3,1,51,15,0,2,9,1,2,8,43,9,0,11
5,0,23,124,83,59,35,5,11,14,35,9,1,352
3,0,95,627,120,80,93,9,5,10,39,9,0,535
3,1,11,180,60,54,54,5,7,4,52,8,1,254
4,1,42,14,0,0,8,3,2,6,45,9,0,4
1,0,77,3,3,7,31,2,3,5,57,8,0,58
3,1,82,71,1,0,9,2,3,8,41,9,0,16
4,0,83,161,0,0,24,4,4,6,58,9,0,22
3,1,40,8,26,9,49,3,4,8,49,10,0,84
3,0,95,264,0,6,147,6,5,7,67,9,0,33
3,0,32,293,6,6,92,6,5,8,52,10,0,36
3,0,48,758,12,89,89,9,13,4,34,9,0,418
4,0,75,532,126,126,126,5,11,1,79,9,2,654
3,0,24,656,38,47,37,8,7,7,53,9,0,223
2,0,61,196,25,17,49,4,7,10,30,10,0,674
3,0,6,835,73,73,43,6,7,2,63,8,1,494
3,1,16,16,11,0,12,1,4,14,42,9,0,17
4,0,39,9,1,1,4,0,3,10,41,9,0,7
4,1,2,229,7,3,11,5,8,13,48,9,1,150
1,0,49,0,1,1,5,1,2,7,43,9,0,19
3,0,31,121,24,15,42,4,7,2,46,8,0,148
4,0,5,520,8,49,42,10,7,8,73,10,2,255
5,1,90,26,1,0,1,1,3,5,62,9,0,12
3,0,47,240,132,192,108,3,8,9,47,9,0,695
3,1,25,178,4,4,44,4,5,6,56,9,0,34
4,1,60,1486,55,0,185,4,10,6,46,10,3,327
3,0,67,1115,12,12,76,2,4,6,47,10,2,161
4,1,40,29,0,0,6,1,3,8,46,8,0,10
5,0,63,529,0,28,0,6,11,3,73,8,0,419
2,1,1,13,3,4,16,1,3,20,38,10,1,15
5,0,89,934,24,24,36,8,6,13,48,8,2,246
1,0,40,2,7,12,27,2,4,7,50,9,0,27
1,1,5,4,12,16,17,2,3,12,36,10,0,8
4,0,3,62,1,5,22,2,4,4,50,9,0,50
3,0,1,158,35,0,125,7,8,5,52,10,2,179
4,0,24,173,2,2,47,5,4,7,63,9,0,42
3,0,89,830,59,79,19,5,12,2,61,10,2,1019
3,1,48,189,10,43,64,8,7,7,57,9,0,309
5,0,31,728,17,8,124,9,13,6,41,10,1,144
3,1,68,7,2,0,2,1,3,4,64,8,0,11
4,0,46,35,4,6,64,2,2,5,48,9,0,24
4,0,92,188,3,3,43,7,6,7,68,9,0,200
4,0,80,742,28,9,57,8,10,4,53,9,0,177
2,1,16,0,7,2,17,4,3,7,41,9,0,31
5,0,50,750,71,10,20,6,11,2,70,8,0,187
4,0,93,816,42,56,154,3,8,2,60,9,0,505
3,1,51,5,2,2,9,0,2,15,41,10,0,10
4,1,24,37,5,8,5,3,4,7,46,10,0,68
2,1,79,4,0,0,5,1,2,7,46,9,0,4
3,0,26,99,2,0,16,3,4,8,42,10,0,15
2,0,86,176,72,21,229,5,12,5,66,10,0,234
3,1,68,54,0,0,2,1,4,5,60,8,1,10
3,0,98,997,15,30,76,5,12,8,50,9,3,513
3,0,34,356,0,9,117,7,8,5,56,9,0,126
5,0,60,1311,0,89,17,4,10,18,36,9,2,405
5,0,3,890,63,25,12,8,7,6,57,10,1,292
3,2,65,4,0,0,2,1,2,7,48,9,0,2
3,1,83,17,0,3,2,1,3,12,46,9,0,21
4,0,64,960,0,38,0,5,8,12,46,9,2,933
5,0,85,2,1,1,1,0,0,0,63,9,0,3
1,1,69,1,3,30,47,2,2,8,42,10,0,22
3,0,21,301,11,7,11,8,4,7,52,8,0,65
3,1,30,154,0,11,37,3,3,8,43,9,1,56
3,1,39,2,3,1,9,1,2,8,52,8,0,10
4,0,76,104,12,12,5,2,5,2,63,8,0,52
4,1,11,70,3,2,64,3,2,9,46,10,1,41
3,1,26,2,0,6,2,1,3,8,48,8,0,12
3,1,34,23,2,1,4,2,3,6,51,8,0,14
3,1,72,43,4,0,27,2,4,15,44,9,0,20
3,0,13,4,24,1,25,2,4,6,60,8,0,27
3,0,58,654,7,15,30,11,8,14,49,8,2,92
3,0,12,912,72,36,97,11,4,4,65,9,2,217
5,1,23,25,0,1,4,4,2,9,51,8,0,8
4,1,33,24,4,2,9,3,3,5,57,8,0,22
5,1,30,141,11,14,5,6,7,10,49,9,0,129
5,0,15,71,0,1,0,1,4,4,50,9,0,16
4,1,25,35,1,1,1,2,3,7,54,9,0,16
3,0,4,496,32,48,128,7,6,4,50,10,1,1078
3,1,80,9,9,10,16,3,3,8,46,8,0,24
3,1,30,154,0,11,37,5,3,6,43,9,1,56
4,1,6,9,1,5,7,1,3,7,46,9,0,9
2,1,16,26,3,7,3,7,4,10,39,8,0,27
2,1,57,77,8,10,25,3,4,6,53,8,0,54
4,0,9,11,2,2,2,1,3,11,47,8,0,11
5,0,59,576,7,7,7,7,9,6,62,8,1,134
3,0,78,89,15,42,5,4,6,4,52,8,0,123
5,0,90,1013,30,46,153,9,4,6,58,10,1,459
3,1,74,224,12,12,12,6,4,6,42,8,0,52
3,0,10,200,19,15,19,5,8,6,65,9,0,161
2,0,63,570,73,102,73,6,11,3,73,9,1,747
1,1,13,1,3,1,13,1,3,16,30,9,0,11
5,1,98,62,1,0,7,2,3,8,48,9,0,24
3,0,4,531,69,138,150,5,8,2,68,9,0,450
4,0,94,162,28,28,56,4,7,3,32,9,5,818
3,0,91,675,144,192,241,4,5,1,38,9,3,227
3,1,66,23,4,2,15,1,3,4,41,9,0,10
3,0,14,492,5,5,21,9,7,6,52,8,1,45
2,0,77,918,10,0,129,13,12,7,52,9,4,142
3,0,41,224,155,93,54,6,11,8,47,8,0,347
3,0,21,572,19,38,248,6,5,3,71,9,0,336
3,0,25,626,0,7,28,9,8,6,62,8,2,70
5,0,2,1074,37,92,129,5,7,2,47,9,3,711
4,0,51,741,68,68,103,4,10,2,55,10,0,913
3,0,32,254,10,10,227,7,3,7,41,9,1,74
3,0,84,116,6,6,41,3,6,5,57,9,0,88
3,1,49,22,2,2,12,3,3,8,48,9,0,18
5,0,69,516,0,0,5,10,7,8,50,9,1,21
3,0,96,14,36,26,35,1,4,2,53,8,0,14
1,1,23,2,8,14,23,2,3,5,44,9,0,22
2,0,18,28,0,0,0,1,3,4,60,8,0,12
3,0,8,530,142,9,56,7,13,5,62,9,1,279
4,0,21,519,50,0,41,10,11,11,50,8,1,297
5,0,60,611,76,45,26,7,6,2,66,8,1,808
4,0,48,240,67,0,163,3,6,2,60,8,0,699
1,1,36,4,9,2,8,1,3,13,50,8,0,23
4,0,36,671,47,111,15,12,12,19,39,9,1,800
3,1,63,23,1,4,24,3,2,7,41,9,0,7
3,0,2,9,1,2,0,0,3,6,65,10,0,5
2,0,38,556,54,133,63,7,10,3,65,10,3,1047
3,0,61,833,80,26,174,9,6,6,65,10,2,415
4,1,52,12,0,2,4,3,3,8,60,9,0,17
3,0,25,56,7,2,18,3,4,7,48,8,0,58
3,0,63,293,8,4,106,6,3,7,49,9,1,135
3,1,10,297,0,0,152,5,4,6,58,9,2,51
3,1,65,39,1,0,3,3,3,8,47,8,0,18
1,1,71,5,11,8,45,7,2,8,32,9,0,37
3,0,0,266,21,8,44,10,6,6,53,10,0,365
3,0,88,366,124,78,54,5,11,2,44,9,0,227
3,0,15,32,0,4,18,1,4,6,32,9,0,31
3,1,80,158,0,0,18,3,5,8,44,10,0,23
3,0,17,269,129,43,29,11,4,7,42,10,0,677
3,1,76,41,0,0,3,2,3,7,63,8,1,10
1,0,52,3,3,4,15,1,3,6,49,10,0,18
3,1,28,33,0,0,15,1,2,4,49,9,0,5
2,0,31,302,29,0,27,8,7,8,67,9,0,163
3,0,42,519,71,27,53,6,9,2,41,8,0,953
4,1,24,23,2,1,0,2,3,7,67,8,0,19
2,0,42,594,51,55,32,9,8,2,27,10,0,703
3,0,12,12,4,3,5,3,0,10,46,9,0,8
3,1,88,4,2,0,5,1,2,6,58,10,0,5
3,1,67,18,3,3,6,7,3,11,39,9,0,22
5,0,54,332,194,125,57,4,7,1,74,8,0,526
3,1,40,5,1,0,1,1,2,10,44,9,0,8
4,1,73,171,3,24,62,11,6,16,37,10,0,155
3,0,81,270,31,48,22,5,10,14,43,9,0,99
4,0,12,712,26,13,80,3,11,1,40,9,3,607
2,1,7,2,8,8,21,3,2,7,43,9,0,14
4,1,33,21,12,3,3,2,4,4,54,8,0,12
5,0,24,580,6,0,27,9,6,4,52,8,1,66
3,1,55,368,24,0,88,8,6,11,44,10,0,106
3,1,87,457,5,17,53,11,6,8,43,9,0,121
3,0,39,229,7,0,91,4,8,5,60,9,0,141
2,0,53,32,2,4,22,2,1,9,44,10,1,1619
3,2,9,3,2,0,17,4,2,7,50,8,0,28
3,1,82,24,3,1,23,3,2,9,38,9,1,33
4,0,71,853,10,10,20,9,12,8,52,10,0,156
3,0,50,5,1,4,3,0,3,14,36,10,0,9
3,1,23,9,14,1,12,3,3,6,45,9,0,26
3,1,81,3,3,2,9,1,2,9,48,9,0,13
3,0,46,709,43,118,247,9,4,5,55,9,0,224
5,2,56,406,0,0,8,8,5,7,71,8,1,30
3,0,91,908,48,12,24,2,13,11,41,8,1,249
4,0,8,428,30,30,61,6,10,3,66,8,0,294
5,1,40,84,3,1,21,3,4,7,58,10,1,63
